path_id,step,prerequisite,dependent,prerequisite_name,dependent_name,edge_id,dependency_type,lag,lag_unit,evidence_basis,reference_system,human_review_decision,source_declarations_json
P01:EXAMPLE,1,P01:WBS:1,P01:WBS:4,CONTRACT AWARD,"Site establishment & disestablishment including but not limited to, mandatory permits and fees",DEP:0d14556405aa38f9fe917529,FS,0.0,none,source_reciprocal,wbs,not_sampled,"[{""evidence_id"": ""P01:D5:1"", ""source_file"": ""Primary Dataset/P018 - P01 Airport Carpark.xlsx"", ""source_sheet"": ""Program Links"", ""source_cell"": ""D5"", ""source_field"": ""predecessors_raw"", ""stored_expression"": ""1,10,8,11"", ""interpreted_token"": ""1"", ""original_dependency_type"": ""FS"", ""dependency_type"": ""FS""}, {""evidence_id"": ""P01:E2:1"", ""source_file"": ""Primary Dataset/P018 - P01 Airport Carpark.xlsx"", ""source_sheet"": ""Program Links"", ""source_cell"": ""E2"", ""source_field"": ""successors_raw"", ""stored_expression"": ""4,8,10,136,11"", ""interpreted_token"": ""4"", ""original_dependency_type"": ""FS"", ""dependency_type"": ""FS""}]"
P01:EXAMPLE,2,P01:WBS:4,P01:WBS:14,"Site establishment & disestablishment including but not limited to, mandatory permits and fees","Establishment and maintenance of interim site drainage as required, sediment and erosion control devices as nominated on drawings and as directed by the Superintendent complete in place",DEP:060ed24b03fc97b0fd723d2d,FS,0.0,none,source_reciprocal,wbs,not_sampled,"[{""evidence_id"": ""P01:D15:1"", ""source_file"": ""Primary Dataset/P018 - P01 Airport Carpark.xlsx"", ""source_sheet"": ""Program Links"", ""source_cell"": ""D15"", ""source_field"": ""predecessors_raw"", ""stored_expression"": ""4"", ""interpreted_token"": ""4"", ""original_dependency_type"": ""FS"", ""dependency_type"": ""FS""}, {""evidence_id"": ""P01:E5:3"", ""source_file"": ""Primary Dataset/P018 - P01 Airport Carpark.xlsx"", ""source_sheet"": ""Program Links"", ""source_cell"": ""E5"", ""source_field"": ""successors_raw"", ""stored_expression"": ""5,12,14,102,103,104,107,7"", ""interpreted_token"": ""14"", ""original_dependency_type"": ""FS"", ""dependency_type"": ""FS""}]"
P01:EXAMPLE,3,P01:WBS:14,P01:WBS:17,"Establishment and maintenance of interim site drainage as required, sediment and erosion control devices as nominated on drawings and as directed by the Superintendent complete in place","Tree protection including installation, maintenance and removal at the completion of works (Provisional Quantity)",DEP:92311dd9533a20f7b8732059,FS,0.0,none,source_reciprocal,wbs,not_sampled,"[{""evidence_id"": ""P01:D18:1"", ""source_file"": ""Primary Dataset/P018 - P01 Airport Carpark.xlsx"", ""source_sheet"": ""Program Links"", ""source_cell"": ""D18"", ""source_field"": ""predecessors_raw"", ""stored_expression"": ""14"", ""interpreted_token"": ""14"", ""original_dependency_type"": ""FS"", ""dependency_type"": ""FS""}, {""evidence_id"": ""P01:E15:1"", ""source_file"": ""Primary Dataset/P018 - P01 Airport Carpark.xlsx"", ""source_sheet"": ""Program Links"", ""source_cell"": ""E15"", ""source_field"": ""successors_raw"", ""stored_expression"": ""17"", ""interpreted_token"": ""17"", ""original_dependency_type"": ""FS"", ""dependency_type"": ""FS""}]"
P01:EXAMPLE,4,P01:WBS:17,P01:WBS:19,"Tree protection including installation, maintenance and removal at the completion of works (Provisional Quantity)","Clearing, grubbing vegetation and disposal off site of cleared vegetation, including but not limited to loading, transportation and dumping fees as nominated on the project drawings",DEP:313668fb0f5e1ba7710248cf,FS,0.0,none,source_reciprocal,wbs,not_sampled,"[{""evidence_id"": ""P01:D20:1"", ""source_file"": ""Primary Dataset/P018 - P01 Airport Carpark.xlsx"", ""source_sheet"": ""Program Links"", ""source_cell"": ""D20"", ""source_field"": ""predecessors_raw"", ""stored_expression"": ""17"", ""interpreted_token"": ""17"", ""original_dependency_type"": ""FS"", ""dependency_type"": ""FS""}, {""evidence_id"": ""P01:E18:1"", ""source_file"": ""Primary Dataset/P018 - P01 Airport Carpark.xlsx"", ""source_sheet"": ""Program Links"", ""source_cell"": ""E18"", ""source_field"": ""successors_raw"", ""stored_expression"": ""19"", ""interpreted_token"": ""19"", ""original_dependency_type"": ""FS"", ""dependency_type"": ""FS""}]"
P01:EXAMPLE,5,P01:WBS:19,P01:WBS:29,"Clearing, grubbing vegetation and disposal off site of cleared vegetation, including but not limited to loading, transportation and dumping fees as nominated on the project drawings","Strip and stockpile topsoil from areas of excavation and filling in accordance with the specification (measured as a solid volume, calculated based on an average 100mm natural topsoil depth)",DEP:cd85a5a9e4d1712747d79503,FS,0.0,none,source_reciprocal,wbs,not_sampled,"[{""evidence_id"": ""P01:D30:1"", ""source_file"": ""Primary Dataset/P018 - P01 Airport Carpark.xlsx"", ""source_sheet"": ""Program Links"", ""source_cell"": ""D30"", ""source_field"": ""predecessors_raw"", ""stored_expression"": ""19"", ""interpreted_token"": ""19"", ""original_dependency_type"": ""FS"", ""dependency_type"": ""FS""}, {""evidence_id"": ""P01:E20:2"", ""source_file"": ""Primary Dataset/P018 - P01 Airport Carpark.xlsx"", ""source_sheet"": ""Program Links"", ""source_cell"": ""E20"", ""source_field"": ""successors_raw"", ""stored_expression"": ""20,29,126,159,185"", ""interpreted_token"": ""29"", ""original_dependency_type"": ""FS"", ""dependency_type"": ""FS""}]"
P01:EXAMPLE,6,P01:WBS:29,P01:WBS:32,"Strip and stockpile topsoil from areas of excavation and filling in accordance with the specification (measured as a solid volume, calculated based on an average 100mm natural topsoil depth)","Cut to fill including but not limited to, moisture control and compaction as specified (in-place compacted volume of filling)",DEP:b4c22a635b25d5cfa780c596,FS,0.0,none,source_reciprocal,wbs,not_sampled,"[{""evidence_id"": ""P01:D33:2"", ""source_file"": ""Primary Dataset/P018 - P01 Airport Carpark.xlsx"", ""source_sheet"": ""Program Links"", ""source_cell"": ""D33"", ""source_field"": ""predecessors_raw"", ""stored_expression"": ""27,29"", ""interpreted_token"": ""29"", ""original_dependency_type"": ""FS"", ""dependency_type"": ""FS""}, {""evidence_id"": ""P01:E30:1"", ""source_file"": ""Primary Dataset/P018 - P01 Airport Carpark.xlsx"", ""source_sheet"": ""Program Links"", ""source_cell"": ""E30"", ""source_field"": ""successors_raw"", ""stored_expression"": ""32186"", ""interpreted_token"": ""32"", ""original_dependency_type"": ""FS"", ""dependency_type"": ""FS""}]"
P01:EXAMPLE,7,P01:WBS:32,P01:WBS:33,"Cut to fill including but not limited to, moisture control and compaction as specified (in-place compacted volume of filling)","Imported Fill material including but not limited to, moisture control and compaction as specified (in-place compacted volume of filling)",DEP:93f8f666cf1ce4925cb3dfad,FS,0.0,none,source_reciprocal,wbs,not_sampled,"[{""evidence_id"": ""P01:D34:1"", ""source_file"": ""Primary Dataset/P018 - P01 Airport Carpark.xlsx"", ""source_sheet"": ""Program Links"", ""source_cell"": ""D34"", ""source_field"": ""predecessors_raw"", ""stored_expression"": ""32"", ""interpreted_token"": ""32"", ""original_dependency_type"": ""FS"", ""dependency_type"": ""FS""}, {""evidence_id"": ""P01:E33:2"", ""source_file"": ""Primary Dataset/P018 - P01 Airport Carpark.xlsx"", ""source_sheet"": ""Program Links"", ""source_cell"": ""E33"", ""source_field"": ""successors_raw"", ""stored_expression"": ""9,33,187,177FF"", ""interpreted_token"": ""33"", ""original_dependency_type"": ""FS"", ""dependency_type"": ""FS""}]"
P01:EXAMPLE,8,P01:WBS:33,P01:WBS:38,"Imported Fill material including but not limited to, moisture control and compaction as specified (in-place compacted volume of filling)","Sub grade preparation as specified including, but not limited to scarifying, moisture control, blending, spreading, compaction and trimming",DEP:c445df5d38904b1c0292e274,FS,0.0,none,source_reciprocal,wbs,pending,"[{""evidence_id"": ""P01:D39:1"", ""source_file"": ""Primary Dataset/P018 - P01 Airport Carpark.xlsx"", ""source_sheet"": ""Program Links"", ""source_cell"": ""D39"", ""source_field"": ""predecessors_raw"", ""stored_expression"": ""33,35,206,161"", ""interpreted_token"": ""33"", ""original_dependency_type"": ""FS"", ""dependency_type"": ""FS""}, {""evidence_id"": ""P01:E34:2"", ""source_file"": ""Primary Dataset/P018 - P01 Airport Carpark.xlsx"", ""source_sheet"": ""Program Links"", ""source_cell"": ""E34"", ""source_field"": ""successors_raw"", ""stored_expression"": ""34,38,187FF,161,163FF,206FF"", ""interpreted_token"": ""38"", ""original_dependency_type"": ""FS"", ""dependency_type"": ""FS""}]"
P01:EXAMPLE,9,P01:WBS:38,P01:WBS:212,"Sub grade preparation as specified including, but not limited to scarifying, moisture control, blending, spreading, compaction and trimming",In-situ Stabilising Sub-grade,DEP:0d14f0445b0002391dc6f53e,FS,0.0,none,source_reciprocal,wbs,not_sampled,"[{""evidence_id"": ""P01:D213:1"", ""source_file"": ""Primary Dataset/P018 - P01 Airport Carpark.xlsx"", ""source_sheet"": ""Program Links"", ""source_cell"": ""D213"", ""source_field"": ""predecessors_raw"", ""stored_expression"": ""38209"", ""interpreted_token"": ""38"", ""original_dependency_type"": ""FS"", ""dependency_type"": ""FS""}, {""evidence_id"": ""P01:E39:6"", ""source_file"": ""Primary Dataset/P018 - P01 Airport Carpark.xlsx"", ""source_sheet"": ""Program Links"", ""source_cell"": ""E39"", ""source_field"": ""successors_raw"", ""stored_expression"": ""82,101,146,183FF,164FF,212,208"", ""interpreted_token"": ""212"", ""original_dependency_type"": ""FS"", ""dependency_type"": ""FS""}]"
P01:EXAMPLE,10,P01:WBS:212,P01:WBS:51,In-situ Stabilising Sub-grade,Lower Sub-Base Course - 150mm Type 2.3,DEP:32ec11c74db5a218e60118a5,FS,0.0,none,source_reciprocal,wbs,not_sampled,"[{""evidence_id"": ""P01:D52:2"", ""source_file"": ""Primary Dataset/P018 - P01 Airport Carpark.xlsx"", ""source_sheet"": ""Program Links"", ""source_cell"": ""D52"", ""source_field"": ""predecessors_raw"", ""stored_expression"": ""55212211"", ""interpreted_token"": ""212"", ""original_dependency_type"": ""FS"", ""dependency_type"": ""FS""}, {""evidence_id"": ""P01:E213:1"", ""source_file"": ""Primary Dataset/P018 - P01 Airport Carpark.xlsx"", ""source_sheet"": ""Program Links"", ""source_cell"": ""E213"", ""source_field"": ""successors_raw"", ""stored_expression"": ""51,211FF"", ""interpreted_token"": ""51"", ""original_dependency_type"": ""FS"", ""dependency_type"": ""FS""}]"
P01:EXAMPLE,11,P01:WBS:51,P01:WBS:54,Lower Sub-Base Course - 150mm Type 2.3,Upper Sub Base Course - 150mm Type 2.3,DEP:d5f40e03424a2f574c75a2aa,FS,0.0,none,source_reciprocal,wbs,not_sampled,"[{""evidence_id"": ""P01:D55:1"", ""source_file"": ""Primary Dataset/P018 - P01 Airport Carpark.xlsx"", ""source_sheet"": ""Program Links"", ""source_cell"": ""D55"", ""source_field"": ""predecessors_raw"", ""stored_expression"": ""51"", ""interpreted_token"": ""51"", ""original_dependency_type"": ""FS"", ""dependency_type"": ""FS""}, {""evidence_id"": ""P01:E52:1"", ""source_file"": ""Primary Dataset/P018 - P01 Airport Carpark.xlsx"", ""source_sheet"": ""Program Links"", ""source_cell"": ""E52"", ""source_field"": ""successors_raw"", ""stored_expression"": ""54,63"", ""interpreted_token"": ""54"", ""original_dependency_type"": ""FS"", ""dependency_type"": ""FS""}]"
P01:EXAMPLE,12,P01:WBS:54,P01:WBS:50,Upper Sub Base Course - 150mm Type 2.3,Upper Sub-Base Course - 150mm Type 2.3,DEP:5af9d8b2b1760436684860d5,FS,0.0,none,source_reciprocal,wbs,not_sampled,"[{""evidence_id"": ""P01:D51:1"", ""source_file"": ""Primary Dataset/P018 - P01 Airport Carpark.xlsx"", ""source_sheet"": ""Program Links"", ""source_cell"": ""D51"", ""source_field"": ""predecessors_raw"", ""stored_expression"": ""54,63"", ""interpreted_token"": ""54"", ""original_dependency_type"": ""FS"", ""dependency_type"": ""FS""}, {""evidence_id"": ""P01:E55:1"", ""source_file"": ""Primary Dataset/P018 - P01 Airport Carpark.xlsx"", ""source_sheet"": ""Program Links"", ""source_cell"": ""E55"", ""source_field"": ""successors_raw"", ""stored_expression"": ""50,190,165FF"", ""interpreted_token"": ""50"", ""original_dependency_type"": ""FS"", ""dependency_type"": ""FS""}]"
P01:EXAMPLE,13,P01:WBS:50,P01:WBS:60,Upper Sub-Base Course - 150mm Type 2.3,Barrier Kerb Type B2,DEP:df285f360b6f1c10165d920b,FS,0.0,none,source_reciprocal,wbs,not_sampled,"[{""evidence_id"": ""P01:D61:1"", ""source_file"": ""Primary Dataset/P018 - P01 Airport Carpark.xlsx"", ""source_sheet"": ""Program Links"", ""source_cell"": ""D61"", ""source_field"": ""predecessors_raw"", ""stored_expression"": ""50"", ""interpreted_token"": ""50"", ""original_dependency_type"": ""FS"", ""dependency_type"": ""FS""}, {""evidence_id"": ""P01:E51:1"", ""source_file"": ""Primary Dataset/P018 - P01 Airport Carpark.xlsx"", ""source_sheet"": ""Program Links"", ""source_cell"": ""E51"", ""source_field"": ""successors_raw"", ""stored_expression"": ""60"", ""interpreted_token"": ""60"", ""original_dependency_type"": ""FS"", ""dependency_type"": ""FS""}]"
P01:EXAMPLE,14,P01:WBS:60,P01:WBS:61,Barrier Kerb Type B2,Semi Mountable Kerb Type SM4,DEP:39f4ca6066bf6d074bb23f29,FS,0.0,none,source_reciprocal,wbs,not_sampled,"[{""evidence_id"": ""P01:D62:1"", ""source_file"": ""Primary Dataset/P018 - P01 Airport Carpark.xlsx"", ""source_sheet"": ""Program Links"", ""source_cell"": ""D62"", ""source_field"": ""predecessors_raw"", ""stored_expression"": ""60"", ""interpreted_token"": ""60"", ""original_dependency_type"": ""FS"", ""dependency_type"": ""FS""}, {""evidence_id"": ""P01:E61:2"", ""source_file"": ""Primary Dataset/P018 - P01 Airport Carpark.xlsx"", ""source_sheet"": ""Program Links"", ""source_cell"": ""E61"", ""source_field"": ""successors_raw"", ""stored_expression"": ""53,61,115,194FF"", ""interpreted_token"": ""61"", ""original_dependency_type"": ""FS"", ""dependency_type"": ""FS""}]"
P01:EXAMPLE,15,P01:WBS:61,P01:WBS:62,Semi Mountable Kerb Type SM4,Kerb Ramp,DEP:540b2755d95f03db31c31fbb,FS,0.0,none,source_reciprocal,wbs,not_sampled,"[{""evidence_id"": ""P01:D63:1"", ""source_file"": ""Primary Dataset/P018 - P01 Airport Carpark.xlsx"", ""source_sheet"": ""Program Links"", ""source_cell"": ""D63"", ""source_field"": ""predecessors_raw"", ""stored_expression"": ""61"", ""interpreted_token"": ""61"", ""original_dependency_type"": ""FS"", ""dependency_type"": ""FS""}, {""evidence_id"": ""P01:E62:1"", ""source_file"": ""Primary Dataset/P018 - P01 Airport Carpark.xlsx"", ""source_sheet"": ""Program Links"", ""source_cell"": ""E62"", ""source_field"": ""successors_raw"", ""stored_expression"": ""62,227,231FF,192FF"", ""interpreted_token"": ""62"", ""original_dependency_type"": ""FS"", ""dependency_type"": ""FS""}]"
P01:EXAMPLE,16,P01:WBS:62,P01:WBS:65,Kerb Ramp,Concrete Footpaths 2.45m wide,DEP:2d52499f1f3a0cf07b5f22ca,FS,0.0,none,source_reciprocal,wbs,not_sampled,"[{""evidence_id"": ""P01:D66:1"", ""source_file"": ""Primary Dataset/P018 - P01 Airport Carpark.xlsx"", ""source_sheet"": ""Program Links"", ""source_cell"": ""D66"", ""source_field"": ""predecessors_raw"", ""stored_expression"": ""62"", ""interpreted_token"": ""62"", ""original_dependency_type"": ""FS"", ""dependency_type"": ""FS""}, {""evidence_id"": ""P01:E63:1"", ""source_file"": ""Primary Dataset/P018 - P01 Airport Carpark.xlsx"", ""source_sheet"": ""Program Links"", ""source_cell"": ""E63"", ""source_field"": ""successors_raw"", ""stored_expression"": ""65"", ""interpreted_token"": ""65"", ""original_dependency_type"": ""FS"", ""dependency_type"": ""FS""}]"
P01:EXAMPLE,17,P01:WBS:65,P01:WBS:66,Concrete Footpaths 2.45m wide,Concrete Footpaths 2.5m wide,DEP:d0aaec2d9acb9d7a6e373298,FS,0.0,none,source_reciprocal,wbs,not_sampled,"[{""evidence_id"": ""P01:D67:1"", ""source_file"": ""Primary Dataset/P018 - P01 Airport Carpark.xlsx"", ""source_sheet"": ""Program Links"", ""source_cell"": ""D67"", ""source_field"": ""predecessors_raw"", ""stored_expression"": ""65"", ""interpreted_token"": ""65"", ""original_dependency_type"": ""FS"", ""dependency_type"": ""FS""}, {""evidence_id"": ""P01:E66:1"", ""source_file"": ""Primary Dataset/P018 - P01 Airport Carpark.xlsx"", ""source_sheet"": ""Program Links"", ""source_cell"": ""E66"", ""source_field"": ""successors_raw"", ""stored_expression"": ""66,173FF"", ""interpreted_token"": ""66"", ""original_dependency_type"": ""FS"", ""dependency_type"": ""FS""}]"
P01:EXAMPLE,18,P01:WBS:66,P01:WBS:67,Concrete Footpaths 2.5m wide,Concrete Footpaths 3m wide,DEP:04d5a59d4b05cf355d24caf4,FS,0.0,none,source_reciprocal,wbs,not_sampled,"[{""evidence_id"": ""P01:D68:1"", ""source_file"": ""Primary Dataset/P018 - P01 Airport Carpark.xlsx"", ""source_sheet"": ""Program Links"", ""source_cell"": ""D68"", ""source_field"": ""predecessors_raw"", ""stored_expression"": ""66"", ""interpreted_token"": ""66"", ""original_dependency_type"": ""FS"", ""dependency_type"": ""FS""}, {""evidence_id"": ""P01:E67:1"", ""source_file"": ""Primary Dataset/P018 - P01 Airport Carpark.xlsx"", ""source_sheet"": ""Program Links"", ""source_cell"": ""E67"", ""source_field"": ""successors_raw"", ""stored_expression"": ""67"", ""interpreted_token"": ""67"", ""original_dependency_type"": ""FS"", ""dependency_type"": ""FS""}]"
P01:EXAMPLE,19,P01:WBS:67,P01:WBS:216,Concrete Footpaths 3m wide,"Supply, cut, tie and place SL72 Reinforcing Mesh",DEP:2b14a85d4eecc9f96fd81f42,FS,0.0,none,source_reciprocal,wbs,not_sampled,"[{""evidence_id"": ""P01:D217:1"", ""source_file"": ""Primary Dataset/P018 - P01 Airport Carpark.xlsx"", ""source_sheet"": ""Program Links"", ""source_cell"": ""D217"", ""source_field"": ""predecessors_raw"", ""stored_expression"": ""67"", ""interpreted_token"": ""67"", ""original_dependency_type"": ""FS"", ""dependency_type"": ""FS""}, {""evidence_id"": ""P01:E68:3"", ""source_file"": ""Primary Dataset/P018 - P01 Airport Carpark.xlsx"", ""source_sheet"": ""Program Links"", ""source_cell"": ""E68"", ""source_field"": ""successors_raw"", ""stored_expression"": ""30,68,216"", ""interpreted_token"": ""216"", ""original_dependency_type"": ""FS"", ""dependency_type"": ""FS""}]"
P01:EXAMPLE,20,P01:WBS:216,P01:WBS:215,"Supply, cut, tie and place SL72 Reinforcing Mesh","Excavate for, Supply, Place and Finish Additional N25 Concrete",DEP:4e2aab9f46788d45b6c4c366,SS,0.0,none,source_reciprocal,wbs,not_sampled,"[{""evidence_id"": ""P01:D216:1"", ""source_file"": ""Primary Dataset/P018 - P01 Airport Carpark.xlsx"", ""source_sheet"": ""Program Links"", ""source_cell"": ""D216"", ""source_field"": ""predecessors_raw"", ""stored_expression"": ""216SS"", ""interpreted_token"": ""216SS"", ""original_dependency_type"": ""SS"", ""dependency_type"": ""SS""}, {""evidence_id"": ""P01:E217:1"", ""source_file"": ""Primary Dataset/P018 - P01 Airport Carpark.xlsx"", ""source_sheet"": ""Program Links"", ""source_cell"": ""E217"", ""source_field"": ""successors_raw"", ""stored_expression"": ""215SS"", ""interpreted_token"": ""215SS"", ""original_dependency_type"": ""SS"", ""dependency_type"": ""SS""}]"
P02:EXAMPLE,1,P02:WBS:1,P02:WBS:5,Contract Award,"Preparation and implementation of Construction Environmental Management Plan. Quality Plan, Workplace Health and Safety Plan and Works Installation Plan",DEP:a7e985ebdd2446bae4459db0,FS,0.0,none,source_reciprocal,wbs,not_sampled,"[{""evidence_id"": ""P02:D6:1"", ""source_file"": ""Primary Dataset/P019 - P02 Landfill Cell.xlsx"", ""source_sheet"": ""Program Links"", ""source_cell"": ""D6"", ""source_field"": ""predecessors_raw"", ""stored_expression"": ""1"", ""interpreted_token"": ""1"", ""original_dependency_type"": ""FS"", ""dependency_type"": ""FS""}, {""evidence_id"": ""P02:E2:1"", ""source_file"": ""Primary Dataset/P019 - P02 Landfill Cell.xlsx"", ""source_sheet"": ""Program Links"", ""source_cell"": ""E2"", ""source_field"": ""successors_raw"", ""stored_expression"": ""5"", ""interpreted_token"": ""5"", ""original_dependency_type"": ""FS"", ""dependency_type"": ""FS""}]"
P02:EXAMPLE,2,P02:WBS:5,P02:WBS:4,"Preparation and implementation of Construction Environmental Management Plan. Quality Plan, Workplace Health and Safety Plan and Works Installation Plan",Mobilisation - Demobilisation,DEP:8b0f458db7e86bcfaba58648,FS,0.0,none,source_reciprocal,wbs,not_sampled,"[{""evidence_id"": ""P02:D5:1"", ""source_file"": ""Primary Dataset/P019 - P02 Landfill Cell.xlsx"", ""source_sheet"": ""Program Links"", ""source_cell"": ""D5"", ""source_field"": ""predecessors_raw"", ""stored_expression"": ""5"", ""interpreted_token"": ""5"", ""original_dependency_type"": ""FS"", ""dependency_type"": ""FS""}, {""evidence_id"": ""P02:E6:1"", ""source_file"": ""Primary Dataset/P019 - P02 Landfill Cell.xlsx"", ""source_sheet"": ""Program Links"", ""source_cell"": ""E6"", ""source_field"": ""successors_raw"", ""stored_expression"": ""4"", ""interpreted_token"": ""4"", ""original_dependency_type"": ""FS"", ""dependency_type"": ""FS""}]"
P02:EXAMPLE,3,P02:WBS:4,P02:WBS:8,Mobilisation - Demobilisation,"Trim, Grade and compact the former waste layer",DEP:5b9002e881ad63d0fdd0ad4f,FS,0.0,none,source_reciprocal,wbs,not_sampled,"[{""evidence_id"": ""P02:D9:1"", ""source_file"": ""Primary Dataset/P019 - P02 Landfill Cell.xlsx"", ""source_sheet"": ""Program Links"", ""source_cell"": ""D9"", ""source_field"": ""predecessors_raw"", ""stored_expression"": ""4"", ""interpreted_token"": ""4"", ""original_dependency_type"": ""FS"", ""dependency_type"": ""FS""}, {""evidence_id"": ""P02:E5:2"", ""source_file"": ""Primary Dataset/P019 - P02 Landfill Cell.xlsx"", ""source_sheet"": ""Program Links"", ""source_cell"": ""E5"", ""source_field"": ""successors_raw"", ""stored_expression"": ""6,8,16,19,23"", ""interpreted_token"": ""8"", ""original_dependency_type"": ""FS"", ""dependency_type"": ""FS""}]"
P02:EXAMPLE,4,P02:WBS:8,P02:WBS:9,"Trim, Grade and compact the former waste layer",High energy impact compact the graded surface of waste,DEP:5836ba154df45a79ecb0f3be,FS,0.0,none,source_reciprocal,wbs,not_sampled,"[{""evidence_id"": ""P02:D10:1"", ""source_file"": ""Primary Dataset/P019 - P02 Landfill Cell.xlsx"", ""source_sheet"": ""Program Links"", ""source_cell"": ""D10"", ""source_field"": ""predecessors_raw"", ""stored_expression"": ""8"", ""interpreted_token"": ""8"", ""original_dependency_type"": ""FS"", ""dependency_type"": ""FS""}, {""evidence_id"": ""P02:E9:1"", ""source_file"": ""Primary Dataset/P019 - P02 Landfill Cell.xlsx"", ""source_sheet"": ""Program Links"", ""source_cell"": ""E9"", ""source_field"": ""successors_raw"", ""stored_expression"": ""9"", ""interpreted_token"": ""9"", ""original_dependency_type"": ""FS"", ""dependency_type"": ""FS""}]"
P02:EXAMPLE,5,P02:WBS:9,P02:WBS:10,High energy impact compact the graded surface of waste,"Excavate, select, lay, grade and compact the decomposed granite",DEP:2573e0e01d37a4aa3db8b6b9,FS,0.0,none,source_reciprocal,wbs,not_sampled,"[{""evidence_id"": ""P02:D11:1"", ""source_file"": ""Primary Dataset/P019 - P02 Landfill Cell.xlsx"", ""source_sheet"": ""Program Links"", ""source_cell"": ""D11"", ""source_field"": ""predecessors_raw"", ""stored_expression"": ""9"", ""interpreted_token"": ""9"", ""original_dependency_type"": ""FS"", ""dependency_type"": ""FS""}, {""evidence_id"": ""P02:E10:1"", ""source_file"": ""Primary Dataset/P019 - P02 Landfill Cell.xlsx"", ""source_sheet"": ""Program Links"", ""source_cell"": ""E10"", ""source_field"": ""successors_raw"", ""stored_expression"": ""10"", ""interpreted_token"": ""10"", ""original_dependency_type"": ""FS"", ""dependency_type"": ""FS""}]"
P02:EXAMPLE,6,P02:WBS:10,P02:WBS:11,"Excavate, select, lay, grade and compact the decomposed granite","Construct, shape and compact the bunds, including anchor trenches",DEP:f52eacd9841fed1b85f20706,FS,0.0,none,source_reciprocal,wbs,not_sampled,"[{""evidence_id"": ""P02:D12:1"", ""source_file"": ""Primary Dataset/P019 - P02 Landfill Cell.xlsx"", ""source_sheet"": ""Program Links"", ""source_cell"": ""D12"", ""source_field"": ""predecessors_raw"", ""stored_expression"": ""10,42"", ""interpreted_token"": ""10"", ""original_dependency_type"": ""FS"", ""dependency_type"": ""FS""}, {""evidence_id"": ""P02:E11:1"", ""source_file"": ""Primary Dataset/P019 - P02 Landfill Cell.xlsx"", ""source_sheet"": ""Program Links"", ""source_cell"": ""E11"", ""source_field"": ""successors_raw"", ""stored_expression"": ""11,42"", ""interpreted_token"": ""11"", ""original_dependency_type"": ""FS"", ""dependency_type"": ""FS""}]"
P02:EXAMPLE,7,P02:WBS:11,P02:WBS:12,"Construct, shape and compact the bunds, including anchor trenches","Construct, shape and compact the intercell bunds, including anchor trenches and the plywood",DEP:8a654c4451e5bbf8dd3fe87e,FS,0.0,none,source_reciprocal,wbs,not_sampled,"[{""evidence_id"": ""P02:D13:1"", ""source_file"": ""Primary Dataset/P019 - P02 Landfill Cell.xlsx"", ""source_sheet"": ""Program Links"", ""source_cell"": ""D13"", ""source_field"": ""predecessors_raw"", ""stored_expression"": ""11"", ""interpreted_token"": ""11"", ""original_dependency_type"": ""FS"", ""dependency_type"": ""FS""}, {""evidence_id"": ""P02:E12:1"", ""source_file"": ""Primary Dataset/P019 - P02 Landfill Cell.xlsx"", ""source_sheet"": ""Program Links"", ""source_cell"": ""E12"", ""source_field"": ""successors_raw"", ""stored_expression"": ""12,16"", ""interpreted_token"": ""12"", ""original_dependency_type"": ""FS"", ""dependency_type"": ""FS""}]"
P02:EXAMPLE,8,P02:WBS:12,P02:WBS:33,"Construct, shape and compact the intercell bunds, including anchor trenches and the plywood",Supply and Placement of the Geocomposite Clay Liner (GCL),DEP:78ca0630adbb28ecad59ffee,FS,0.0,none,source_reciprocal,wbs,not_sampled,"[{""evidence_id"": ""P02:D34:1"", ""source_file"": ""Primary Dataset/P019 - P02 Landfill Cell.xlsx"", ""source_sheet"": ""Program Links"", ""source_cell"": ""D34"", ""source_field"": ""predecessors_raw"", ""stored_expression"": ""12"", ""interpreted_token"": ""12"", ""original_dependency_type"": ""FS"", ""dependency_type"": ""FS""}, {""evidence_id"": ""P02:E13:3"", ""source_file"": ""Primary Dataset/P019 - P02 Landfill Cell.xlsx"", ""source_sheet"": ""Program Links"", ""source_cell"": ""E13"", ""source_field"": ""successors_raw"", ""stored_expression"": ""13,28,33,43"", ""interpreted_token"": ""33"", ""original_dependency_type"": ""FS"", ""dependency_type"": ""FS""}]"
P02:EXAMPLE,9,P02:WBS:33,P02:WBS:38,Supply and Placement of the Geocomposite Clay Liner (GCL),Supply and Placement of the perforated collection pipes,DEP:b421e884d73c22d763fc7eb0,FS,0.0,none,source_reciprocal,wbs,pending,"[{""evidence_id"": ""P02:D39:1"", ""source_file"": ""Primary Dataset/P019 - P02 Landfill Cell.xlsx"", ""source_sheet"": ""Program Links"", ""source_cell"": ""D39"", ""source_field"": ""predecessors_raw"", ""stored_expression"": ""33"", ""interpreted_token"": ""33"", ""original_dependency_type"": ""FS"", ""dependency_type"": ""FS""}, {""evidence_id"": ""P02:E34:2"", ""source_file"": ""Primary Dataset/P019 - P02 Landfill Cell.xlsx"", ""source_sheet"": ""Program Links"", ""source_cell"": ""E34"", ""source_field"": ""successors_raw"", ""stored_expression"": ""34,38,13"", ""interpreted_token"": ""38"", ""original_dependency_type"": ""FS"", ""dependency_type"": ""FS""}]"
P02:EXAMPLE,10,P02:WBS:38,P02:WBS:39,Supply and Placement of the perforated collection pipes,"Supply and palcement of the non-perforated collection pipes, including liner penetration and clean out risers",DEP:9791ae14a91da26a83751bf0,FS,0.0,none,source_reciprocal,wbs,not_sampled,"[{""evidence_id"": ""P02:D40:1"", ""source_file"": ""Primary Dataset/P019 - P02 Landfill Cell.xlsx"", ""source_sheet"": ""Program Links"", ""source_cell"": ""D40"", ""source_field"": ""predecessors_raw"", ""stored_expression"": ""38"", ""interpreted_token"": ""38"", ""original_dependency_type"": ""FS"", ""dependency_type"": ""FS""}, {""evidence_id"": ""P02:E39:1"", ""source_file"": ""Primary Dataset/P019 - P02 Landfill Cell.xlsx"", ""source_sheet"": ""Program Links"", ""source_cell"": ""E39"", ""source_field"": ""successors_raw"", ""stored_expression"": ""39,14"", ""interpreted_token"": ""39"", ""original_dependency_type"": ""FS"", ""dependency_type"": ""FS""}]"
P02:EXAMPLE,11,P02:WBS:39,P02:WBS:40,"Supply and palcement of the non-perforated collection pipes, including liner penetration and clean out risers",Supply and Placement of the non-perforated delivery pipe,DEP:68becaff63ca57c4e217a695,FS,0.0,none,source_reciprocal,wbs,not_sampled,"[{""evidence_id"": ""P02:D41:1"", ""source_file"": ""Primary Dataset/P019 - P02 Landfill Cell.xlsx"", ""source_sheet"": ""Program Links"", ""source_cell"": ""D41"", ""source_field"": ""predecessors_raw"", ""stored_expression"": ""39"", ""interpreted_token"": ""39"", ""original_dependency_type"": ""FS"", ""dependency_type"": ""FS""}, {""evidence_id"": ""P02:E40:1"", ""source_file"": ""Primary Dataset/P019 - P02 Landfill Cell.xlsx"", ""source_sheet"": ""Program Links"", ""source_cell"": ""E40"", ""source_field"": ""successors_raw"", ""stored_expression"": ""40"", ""interpreted_token"": ""40"", ""original_dependency_type"": ""FS"", ""dependency_type"": ""FS""}]"
P03:EXAMPLE,1,P03:WBS:1,P03:WBS:5,CONTRACT AWARD,"Schedule A - Roadworks Dysart Bypass Road Widening Preliminaries - Site establishment, Provision for Workplace Health & Safety, Site Cleanup and Dis-establishment",DEP:92c2c3c6742de7372ab53928,FS,0.0,none,reconciled_inference,wbs,pending,"[{""evidence_id"": ""P03:D5:1"", ""source_file"": ""Primary Dataset/P020 - P03 Regional Bypass Road.xlsx"", ""source_sheet"": ""Program Links"", ""source_cell"": ""D5"", ""source_field"": ""predecessors_raw"", ""stored_expression"": ""3,8"", ""interpreted_token"": ""3"", ""original_dependency_type"": ""FS"", ""dependency_type"": ""FS""}, {""evidence_id"": ""P03:E3:1"", ""source_file"": ""Primary Dataset/P020 - P03 Regional Bypass Road.xlsx"", ""source_sheet"": ""Program Links"", ""source_cell"": ""E3"", ""source_field"": ""successors_raw"", ""stored_expression"": ""5,8,73,75,113"", ""interpreted_token"": ""5"", ""original_dependency_type"": ""FS"", ""dependency_type"": ""FS""}]"
P03:EXAMPLE,2,P03:WBS:5,P03:WBS:45,"Schedule A - Roadworks Dysart Bypass Road Widening Preliminaries - Site establishment, Provision for Workplace Health & Safety, Site Cleanup and Dis-establishment","Schedule B - Drainage Dysart Bypass Rd: Ch 49.400 Extend 375 dia SRC Pipe Class 2, Installation to Main Roads Std Dwg 1359 - 1 x 375 dia SRC Pipe Cl 2 Complete in place, incl. removal of existing headwall with care, excavate, sand, supply, lay and backfi",DEP:7b541df423ea1619e160f4e9,FS,0.0,none,source_reciprocal,wbs,not_sampled,"[{""evidence_id"": ""P03:D45:1"", ""source_file"": ""Primary Dataset/P020 - P03 Regional Bypass Road.xlsx"", ""source_sheet"": ""Program Links"", ""source_cell"": ""D45"", ""source_field"": ""predecessors_raw"", ""stored_expression"": ""5,18,22"", ""interpreted_token"": ""5"", ""original_dependency_type"": ""FS"", ""dependency_type"": ""FS""}, {""evidence_id"": ""P03:E5:4"", ""source_file"": ""Primary Dataset/P020 - P03 Regional Bypass Road.xlsx"", ""source_sheet"": ""Program Links"", ""source_cell"": ""E5"", ""source_field"": ""successors_raw"", ""stored_expression"": ""6,7,9,45,74,73,76,11,15,16,71,79,80,119,120"", ""interpreted_token"": ""45"", ""original_dependency_type"": ""FS"", ""dependency_type"": ""FS""}]"
P03:EXAMPLE,3,P03:WBS:45,P03:WBS:46,"Schedule B - Drainage Dysart Bypass Rd: Ch 49.400 Extend 375 dia SRC Pipe Class 2, Installation to Main Roads Std Dwg 1359 - 1 x 375 dia SRC Pipe Cl 2 Complete in place, incl. removal of existing headwall with care, excavate, sand, supply, lay and backfi","1 x 375 dia Endwall , Precast Type with wings Complete in place, incl. Excavate, sand, supply and install.",DEP:56e3b3d9a8c6aef4e80f0609,FS,0.0,none,source_reciprocal,wbs,not_sampled,"[{""evidence_id"": ""P03:D46:1"", ""source_file"": ""Primary Dataset/P020 - P03 Regional Bypass Road.xlsx"", ""source_sheet"": ""Program Links"", ""source_cell"": ""D46"", ""source_field"": ""predecessors_raw"", ""stored_expression"": ""45"", ""interpreted_token"": ""45"", ""original_dependency_type"": ""FS"", ""dependency_type"": ""FS""}, {""evidence_id"": ""P03:E45:1"", ""source_file"": ""Primary Dataset/P020 - P03 Regional Bypass Road.xlsx"", ""source_sheet"": ""Program Links"", ""source_cell"": ""E45"", ""source_field"": ""successors_raw"", ""stored_expression"": ""46"", ""interpreted_token"": ""46"", ""original_dependency_type"": ""FS"", ""dependency_type"": ""FS""}]"
P03:EXAMPLE,4,P03:WBS:46,P03:WBS:47,"1 x 375 dia Endwall , Precast Type with wings Complete in place, incl. Excavate, sand, supply and install.","Ch 300 Extend 4/450 dia SRC Pipe Class 2, Installation to Main Roads Std Dwg 1359 - 4 x 450 SRC Pipe Cl 2 Complete in place, incl. removal of existing Endwall with care, excavate, sand, supply, lay & backfill.",DEP:ecea3912abc27cbec9ade994,FS,0.0,none,source_reciprocal,wbs,not_sampled,"[{""evidence_id"": ""P03:D47:1"", ""source_file"": ""Primary Dataset/P020 - P03 Regional Bypass Road.xlsx"", ""source_sheet"": ""Program Links"", ""source_cell"": ""D47"", ""source_field"": ""predecessors_raw"", ""stored_expression"": ""46"", ""interpreted_token"": ""46"", ""original_dependency_type"": ""FS"", ""dependency_type"": ""FS""}, {""evidence_id"": ""P03:E46:1"", ""source_file"": ""Primary Dataset/P020 - P03 Regional Bypass Road.xlsx"", ""source_sheet"": ""Program Links"", ""source_cell"": ""E46"", ""source_field"": ""successors_raw"", ""stored_expression"": ""47"", ""interpreted_token"": ""47"", ""original_dependency_type"": ""FS"", ""dependency_type"": ""FS""}]"
P03:EXAMPLE,5,P03:WBS:47,P03:WBS:48,"Ch 300 Extend 4/450 dia SRC Pipe Class 2, Installation to Main Roads Std Dwg 1359 - 4 x 450 SRC Pipe Cl 2 Complete in place, incl. removal of existing Endwall with care, excavate, sand, supply, lay & backfill.","4 x 450 Cast Insitu Endwall to Main Roads Std Dwg 1306 Complete in place, incl. Excavate, supply and construct",DEP:abd326e4c854782bd8de6433,FS,0.0,none,source_reciprocal,wbs,not_sampled,"[{""evidence_id"": ""P03:D48:1"", ""source_file"": ""Primary Dataset/P020 - P03 Regional Bypass Road.xlsx"", ""source_sheet"": ""Program Links"", ""source_cell"": ""D48"", ""source_field"": ""predecessors_raw"", ""stored_expression"": ""47"", ""interpreted_token"": ""47"", ""original_dependency_type"": ""FS"", ""dependency_type"": ""FS""}, {""evidence_id"": ""P03:E47:1"", ""source_file"": ""Primary Dataset/P020 - P03 Regional Bypass Road.xlsx"", ""source_sheet"": ""Program Links"", ""source_cell"": ""E47"", ""source_field"": ""successors_raw"", ""stored_expression"": ""48"", ""interpreted_token"": ""48"", ""original_dependency_type"": ""FS"", ""dependency_type"": ""FS""}]"
P03:EXAMPLE,6,P03:WBS:48,P03:WBS:49,"4 x 450 Cast Insitu Endwall to Main Roads Std Dwg 1306 Complete in place, incl. Excavate, supply and construct","Ch 600 Extend 2/1800 x 600 RCBC and Add 3 New Cells 1800 x 600, Installation to Main Roads Std Dwg 1359 - Extend existing 2/1800 x 600 RCBC Complete in place, incl. removal of existing Endwalls with care, excavate, sand, supply, lay & backfill.",DEP:d1a386440744466a739e5cf3,FS,0.0,none,source_reciprocal,wbs,not_sampled,"[{""evidence_id"": ""P03:D49:1"", ""source_file"": ""Primary Dataset/P020 - P03 Regional Bypass Road.xlsx"", ""source_sheet"": ""Program Links"", ""source_cell"": ""D49"", ""source_field"": ""predecessors_raw"", ""stored_expression"": ""48"", ""interpreted_token"": ""48"", ""original_dependency_type"": ""FS"", ""dependency_type"": ""FS""}, {""evidence_id"": ""P03:E48:1"", ""source_file"": ""Primary Dataset/P020 - P03 Regional Bypass Road.xlsx"", ""source_sheet"": ""Program Links"", ""source_cell"": ""E48"", ""source_field"": ""successors_raw"", ""stored_expression"": ""49"", ""interpreted_token"": ""49"", ""original_dependency_type"": ""FS"", ""dependency_type"": ""FS""}]"
P03:EXAMPLE,7,P03:WBS:49,P03:WBS:50,"Ch 600 Extend 2/1800 x 600 RCBC and Add 3 New Cells 1800 x 600, Installation to Main Roads Std Dwg 1359 - Extend existing 2/1800 x 600 RCBC Complete in place, incl. removal of existing Endwalls with care, excavate, sand, supply, lay & backfill.","Install NEW 3/1800 x 600 RCBC adjacent to existing lengthened Culvert Complete in place, incl. excavate, sand, supply, lay and backfill.",DEP:5c3b6de934876823b2f3aa27,FS,0.0,none,source_reciprocal,wbs,not_sampled,"[{""evidence_id"": ""P03:D50:1"", ""source_file"": ""Primary Dataset/P020 - P03 Regional Bypass Road.xlsx"", ""source_sheet"": ""Program Links"", ""source_cell"": ""D50"", ""source_field"": ""predecessors_raw"", ""stored_expression"": ""49"", ""interpreted_token"": ""49"", ""original_dependency_type"": ""FS"", ""dependency_type"": ""FS""}, {""evidence_id"": ""P03:E49:1"", ""source_file"": ""Primary Dataset/P020 - P03 Regional Bypass Road.xlsx"", ""source_sheet"": ""Program Links"", ""source_cell"": ""E49"", ""source_field"": ""successors_raw"", ""stored_expression"": ""50"", ""interpreted_token"": ""50"", ""original_dependency_type"": ""FS"", ""dependency_type"": ""FS""}]"
P03:EXAMPLE,8,P03:WBS:50,P03:WBS:51,"Install NEW 3/1800 x 600 RCBC adjacent to existing lengthened Culvert Complete in place, incl. excavate, sand, supply, lay and backfill.","NEW 5/1800 x 600 Cast Insitu Endwalls and Aprons to Main Roads Std Dwgs 1304 and 1371 Complete in place, incl. Excavate, supply and construct (existing to be removed)",DEP:9bb1918369f0ea35449024ef,FS,0.0,none,source_reciprocal,wbs,not_sampled,"[{""evidence_id"": ""P03:D51:1"", ""source_file"": ""Primary Dataset/P020 - P03 Regional Bypass Road.xlsx"", ""source_sheet"": ""Program Links"", ""source_cell"": ""D51"", ""source_field"": ""predecessors_raw"", ""stored_expression"": ""50"", ""interpreted_token"": ""50"", ""original_dependency_type"": ""FS"", ""dependency_type"": ""FS""}, {""evidence_id"": ""P03:E50:1"", ""source_file"": ""Primary Dataset/P020 - P03 Regional Bypass Road.xlsx"", ""source_sheet"": ""Program Links"", ""source_cell"": ""E50"", ""source_field"": ""successors_raw"", ""stored_expression"": ""51"", ""interpreted_token"": ""51"", ""original_dependency_type"": ""FS"", ""dependency_type"": ""FS""}]"
P03:EXAMPLE,9,P03:WBS:51,P03:WBS:54,"NEW 5/1800 x 600 Cast Insitu Endwalls and Aprons to Main Roads Std Dwgs 1304 and 1371 Complete in place, incl. Excavate, supply and construct (existing to be removed)","Ch 800 Extend 4/450 dia SRC Pipe Class 2, Installation to Main Roads Std Dwg 1359 - 4 x 450 SRC Pipe Cl 2 Complete in place, incl. removal of existing Endwall with care, excavate, sand, supply, lay & backfill.",DEP:92df2394ecac6d8dba892b60,FS,0.0,none,source_reciprocal,wbs,not_sampled,"[{""evidence_id"": ""P03:D54:1"", ""source_file"": ""Primary Dataset/P020 - P03 Regional Bypass Road.xlsx"", ""source_sheet"": ""Program Links"", ""source_cell"": ""D54"", ""source_field"": ""predecessors_raw"", ""stored_expression"": ""51"", ""interpreted_token"": ""51"", ""original_dependency_type"": ""FS"", ""dependency_type"": ""FS""}, {""evidence_id"": ""P03:E51:2"", ""source_file"": ""Primary Dataset/P020 - P03 Regional Bypass Road.xlsx"", ""source_sheet"": ""Program Links"", ""source_cell"": ""E51"", ""source_field"": ""successors_raw"", ""stored_expression"": ""52,54"", ""interpreted_token"": ""54"", ""original_dependency_type"": ""FS"", ""dependency_type"": ""FS""}]"
P03:EXAMPLE,10,P03:WBS:54,P03:WBS:55,"Ch 800 Extend 4/450 dia SRC Pipe Class 2, Installation to Main Roads Std Dwg 1359 - 4 x 450 SRC Pipe Cl 2 Complete in place, incl. removal of existing Endwall with care, excavate, sand, supply, lay & backfill.","4 x 450 Cast Insitu Endwall ,Main Roads Std Dwg 1306 Complete in place, incl. Excavate, supply and construct",DEP:71e22ddf0cc2b366df3bcfe7,FS,0.0,none,source_reciprocal,wbs,not_sampled,"[{""evidence_id"": ""P03:D55:1"", ""source_file"": ""Primary Dataset/P020 - P03 Regional Bypass Road.xlsx"", ""source_sheet"": ""Program Links"", ""source_cell"": ""D55"", ""source_field"": ""predecessors_raw"", ""stored_expression"": ""54"", ""interpreted_token"": ""54"", ""original_dependency_type"": ""FS"", ""dependency_type"": ""FS""}, {""evidence_id"": ""P03:E54:1"", ""source_file"": ""Primary Dataset/P020 - P03 Regional Bypass Road.xlsx"", ""source_sheet"": ""Program Links"", ""source_cell"": ""E54"", ""source_field"": ""successors_raw"", ""stored_expression"": ""55"", ""interpreted_token"": ""55"", ""original_dependency_type"": ""FS"", ""dependency_type"": ""FS""}]"
P03:EXAMPLE,11,P03:WBS:55,P03:WBS:56,"4 x 450 Cast Insitu Endwall ,Main Roads Std Dwg 1306 Complete in place, incl. Excavate, supply and construct","Ch 1300 Extend 4/450 dia SRC Pipe Class 2 SRC, Installation to Main Roads STD DWG 1359 - 4 x 450 SRC Pipe Cl 2 Complete in place, incl. removal of existing headwall with care, excavate, sand, supply, lay & backfill.",DEP:424ce211d3487e50c73433df,FS,0.0,none,source_reciprocal,wbs,not_sampled,"[{""evidence_id"": ""P03:D56:1"", ""source_file"": ""Primary Dataset/P020 - P03 Regional Bypass Road.xlsx"", ""source_sheet"": ""Program Links"", ""source_cell"": ""D56"", ""source_field"": ""predecessors_raw"", ""stored_expression"": ""55"", ""interpreted_token"": ""55"", ""original_dependency_type"": ""FS"", ""dependency_type"": ""FS""}, {""evidence_id"": ""P03:E55:1"", ""source_file"": ""Primary Dataset/P020 - P03 Regional Bypass Road.xlsx"", ""source_sheet"": ""Program Links"", ""source_cell"": ""E55"", ""source_field"": ""successors_raw"", ""stored_expression"": ""56"", ""interpreted_token"": ""56"", ""original_dependency_type"": ""FS"", ""dependency_type"": ""FS""}]"
P03:EXAMPLE,12,P03:WBS:56,P03:WBS:57,"Ch 1300 Extend 4/450 dia SRC Pipe Class 2 SRC, Installation to Main Roads STD DWG 1359 - 4 x 450 SRC Pipe Cl 2 Complete in place, incl. removal of existing headwall with care, excavate, sand, supply, lay & backfill.","4 x 450 Cast Insitu Endwall to Main Roads Std Dwg 1306 Complete in place, incl. Excavate, supply and construct",DEP:d40ed45eb99882dd2308778b,FS,0.0,none,source_reciprocal,wbs,not_sampled,"[{""evidence_id"": ""P03:D57:1"", ""source_file"": ""Primary Dataset/P020 - P03 Regional Bypass Road.xlsx"", ""source_sheet"": ""Program Links"", ""source_cell"": ""D57"", ""source_field"": ""predecessors_raw"", ""stored_expression"": ""56"", ""interpreted_token"": ""56"", ""original_dependency_type"": ""FS"", ""dependency_type"": ""FS""}, {""evidence_id"": ""P03:E56:1"", ""source_file"": ""Primary Dataset/P020 - P03 Regional Bypass Road.xlsx"", ""source_sheet"": ""Program Links"", ""source_cell"": ""E56"", ""source_field"": ""successors_raw"", ""stored_expression"": ""57"", ""interpreted_token"": ""57"", ""original_dependency_type"": ""FS"", ""dependency_type"": ""FS""}]"
P03:EXAMPLE,13,P03:WBS:57,P03:WBS:58,"4 x 450 Cast Insitu Endwall to Main Roads Std Dwg 1306 Complete in place, incl. Excavate, supply and construct","Ch 1500 Extend 375 dia SRC Pipe Class 2, Installation to Main Roads Std Dwg 1359 - 1 x 375 SRC Pipe Cl 2 Complete in place, incl. removal of existing Endwall with care, excavate, sand, supply, lay & backfill.",DEP:0bd965329c370ef32e2abe68,FS,0.0,none,source_reciprocal,wbs,not_sampled,"[{""evidence_id"": ""P03:D58:1"", ""source_file"": ""Primary Dataset/P020 - P03 Regional Bypass Road.xlsx"", ""source_sheet"": ""Program Links"", ""source_cell"": ""D58"", ""source_field"": ""predecessors_raw"", ""stored_expression"": ""57"", ""interpreted_token"": ""57"", ""original_dependency_type"": ""FS"", ""dependency_type"": ""FS""}, {""evidence_id"": ""P03:E57:1"", ""source_file"": ""Primary Dataset/P020 - P03 Regional Bypass Road.xlsx"", ""source_sheet"": ""Program Links"", ""source_cell"": ""E57"", ""source_field"": ""successors_raw"", ""stored_expression"": ""58"", ""interpreted_token"": ""58"", ""original_dependency_type"": ""FS"", ""dependency_type"": ""FS""}]"
P03:EXAMPLE,14,P03:WBS:58,P03:WBS:59,"Ch 1500 Extend 375 dia SRC Pipe Class 2, Installation to Main Roads Std Dwg 1359 - 1 x 375 SRC Pipe Cl 2 Complete in place, incl. removal of existing Endwall with care, excavate, sand, supply, lay & backfill.","1 x 375 Endwall with wings , Precast Type Complete in place, incl. Excavate, sand, supply and install.",DEP:3b018cda3f04b6859922e24e,FS,0.0,none,source_reciprocal,wbs,not_sampled,"[{""evidence_id"": ""P03:D59:1"", ""source_file"": ""Primary Dataset/P020 - P03 Regional Bypass Road.xlsx"", ""source_sheet"": ""Program Links"", ""source_cell"": ""D59"", ""source_field"": ""predecessors_raw"", ""stored_expression"": ""58"", ""interpreted_token"": ""58"", ""original_dependency_type"": ""FS"", ""dependency_type"": ""FS""}, {""evidence_id"": ""P03:E58:1"", ""source_file"": ""Primary Dataset/P020 - P03 Regional Bypass Road.xlsx"", ""source_sheet"": ""Program Links"", ""source_cell"": ""E58"", ""source_field"": ""successors_raw"", ""stored_expression"": ""59"", ""interpreted_token"": ""59"", ""original_dependency_type"": ""FS"", ""dependency_type"": ""FS""}]"
P03:EXAMPLE,15,P03:WBS:59,P03:WBS:60,"1 x 375 Endwall with wings , Precast Type Complete in place, incl. Excavate, sand, supply and install.","Ch 1749.800 Extend 2/450 dia SRC Pipe Class 2, Installation to Main Roads Std Dwg 1359 - 2 x 450 SRC Pipe Cl 2 Complete in place, incl. removal of existing Endwall with care, excavate, sand, supply, lay & backfill.",DEP:931493c3a5835daca2e01280,FS,0.0,none,source_reciprocal,wbs,not_sampled,"[{""evidence_id"": ""P03:D60:1"", ""source_file"": ""Primary Dataset/P020 - P03 Regional Bypass Road.xlsx"", ""source_sheet"": ""Program Links"", ""source_cell"": ""D60"", ""source_field"": ""predecessors_raw"", ""stored_expression"": ""59"", ""interpreted_token"": ""59"", ""original_dependency_type"": ""FS"", ""dependency_type"": ""FS""}, {""evidence_id"": ""P03:E59:1"", ""source_file"": ""Primary Dataset/P020 - P03 Regional Bypass Road.xlsx"", ""source_sheet"": ""Program Links"", ""source_cell"": ""E59"", ""source_field"": ""successors_raw"", ""stored_expression"": ""60"", ""interpreted_token"": ""60"", ""original_dependency_type"": ""FS"", ""dependency_type"": ""FS""}]"
P03:EXAMPLE,16,P03:WBS:60,P03:WBS:61,"Ch 1749.800 Extend 2/450 dia SRC Pipe Class 2, Installation to Main Roads Std Dwg 1359 - 2 x 450 SRC Pipe Cl 2 Complete in place, incl. removal of existing Endwall with care, excavate, sand, supply, lay & backfill.","2 x 450 Cast Insitu Endwall to Main Roads Std Dwg 1306 Complete in place, incl. Excavate, supply and construct",DEP:9568c30892394f207485a8d5,FS,0.0,none,source_reciprocal,wbs,not_sampled,"[{""evidence_id"": ""P03:D61:1"", ""source_file"": ""Primary Dataset/P020 - P03 Regional Bypass Road.xlsx"", ""source_sheet"": ""Program Links"", ""source_cell"": ""D61"", ""source_field"": ""predecessors_raw"", ""stored_expression"": ""60"", ""interpreted_token"": ""60"", ""original_dependency_type"": ""FS"", ""dependency_type"": ""FS""}, {""evidence_id"": ""P03:E60:1"", ""source_file"": ""Primary Dataset/P020 - P03 Regional Bypass Road.xlsx"", ""source_sheet"": ""Program Links"", ""source_cell"": ""E60"", ""source_field"": ""successors_raw"", ""stored_expression"": ""61"", ""interpreted_token"": ""61"", ""original_dependency_type"": ""FS"", ""dependency_type"": ""FS""}]"
P03:EXAMPLE,17,P03:WBS:61,P03:WBS:62,"2 x 450 Cast Insitu Endwall to Main Roads Std Dwg 1306 Complete in place, incl. Excavate, supply and construct","Ch 1949.800 Extend 2/750 dia SRC Pipe Class 2, Installation to Main Roads Std Dwg 1359 - 2 x 750 SRC Pipe Cl 2 Complete in place, incl. removal of existing Endwall with care, excavate, sand, supply, lay & backfill.",DEP:89d307fdaeb335351be79cb5,FS,0.0,none,source_reciprocal,wbs,not_sampled,"[{""evidence_id"": ""P03:D62:1"", ""source_file"": ""Primary Dataset/P020 - P03 Regional Bypass Road.xlsx"", ""source_sheet"": ""Program Links"", ""source_cell"": ""D62"", ""source_field"": ""predecessors_raw"", ""stored_expression"": ""61"", ""interpreted_token"": ""61"", ""original_dependency_type"": ""FS"", ""dependency_type"": ""FS""}, {""evidence_id"": ""P03:E61:1"", ""source_file"": ""Primary Dataset/P020 - P03 Regional Bypass Road.xlsx"", ""source_sheet"": ""Program Links"", ""source_cell"": ""E61"", ""source_field"": ""successors_raw"", ""stored_expression"": ""62"", ""interpreted_token"": ""62"", ""original_dependency_type"": ""FS"", ""dependency_type"": ""FS""}]"
P03:EXAMPLE,18,P03:WBS:62,P03:WBS:63,"Ch 1949.800 Extend 2/750 dia SRC Pipe Class 2, Installation to Main Roads Std Dwg 1359 - 2 x 750 SRC Pipe Cl 2 Complete in place, incl. removal of existing Endwall with care, excavate, sand, supply, lay & backfill.","2 x 750 Cast Insitu Endwall ,Main Roads Std Dwg 1304 Complete in place, incl. Excavate, supply and construct",DEP:115919ed86ac050e34fcc649,FS,0.0,none,source_reciprocal,wbs,not_sampled,"[{""evidence_id"": ""P03:D63:1"", ""source_file"": ""Primary Dataset/P020 - P03 Regional Bypass Road.xlsx"", ""source_sheet"": ""Program Links"", ""source_cell"": ""D63"", ""source_field"": ""predecessors_raw"", ""stored_expression"": ""62"", ""interpreted_token"": ""62"", ""original_dependency_type"": ""FS"", ""dependency_type"": ""FS""}, {""evidence_id"": ""P03:E62:1"", ""source_file"": ""Primary Dataset/P020 - P03 Regional Bypass Road.xlsx"", ""source_sheet"": ""Program Links"", ""source_cell"": ""E62"", ""source_field"": ""successors_raw"", ""stored_expression"": ""63"", ""interpreted_token"": ""63"", ""original_dependency_type"": ""FS"", ""dependency_type"": ""FS""}]"
P03:EXAMPLE,19,P03:WBS:63,P03:WBS:64,"2 x 750 Cast Insitu Endwall ,Main Roads Std Dwg 1304 Complete in place, incl. Excavate, supply and construct","Ch 2200 Extend 1/375 dia SRC Pipe Class 2, Installation to Main Roads Std Dwg 1359 - 1 x 375 SRC Pipe Cl 2 Complete in place, incl. removal of existing Endwall with care, excavate, sand, supply, lay & backfill.",DEP:15bd14da457bb9f5f2998a8f,FS,0.0,none,source_reciprocal,wbs,not_sampled,"[{""evidence_id"": ""P03:D64:1"", ""source_file"": ""Primary Dataset/P020 - P03 Regional Bypass Road.xlsx"", ""source_sheet"": ""Program Links"", ""source_cell"": ""D64"", ""source_field"": ""predecessors_raw"", ""stored_expression"": ""63"", ""interpreted_token"": ""63"", ""original_dependency_type"": ""FS"", ""dependency_type"": ""FS""}, {""evidence_id"": ""P03:E63:1"", ""source_file"": ""Primary Dataset/P020 - P03 Regional Bypass Road.xlsx"", ""source_sheet"": ""Program Links"", ""source_cell"": ""E63"", ""source_field"": ""successors_raw"", ""stored_expression"": ""64"", ""interpreted_token"": ""64"", ""original_dependency_type"": ""FS"", ""dependency_type"": ""FS""}]"
P03:EXAMPLE,20,P03:WBS:64,P03:WBS:65,"Ch 2200 Extend 1/375 dia SRC Pipe Class 2, Installation to Main Roads Std Dwg 1359 - 1 x 375 SRC Pipe Cl 2 Complete in place, incl. removal of existing Endwall with care, excavate, sand, supply, lay & backfill.","1 x 375 Endwall , Precast Type with wings, Complete in place, incl. Excavate, sand, supply and install.",DEP:16c68dcce25801be157c724e,FS,0.0,none,source_reciprocal,wbs,not_sampled,"[{""evidence_id"": ""P03:D65:1"", ""source_file"": ""Primary Dataset/P020 - P03 Regional Bypass Road.xlsx"", ""source_sheet"": ""Program Links"", ""source_cell"": ""D65"", ""source_field"": ""predecessors_raw"", ""stored_expression"": ""64"", ""interpreted_token"": ""64"", ""original_dependency_type"": ""FS"", ""dependency_type"": ""FS""}, {""evidence_id"": ""P03:E64:1"", ""source_file"": ""Primary Dataset/P020 - P03 Regional Bypass Road.xlsx"", ""source_sheet"": ""Program Links"", ""source_cell"": ""E64"", ""source_field"": ""successors_raw"", ""stored_expression"": ""65"", ""interpreted_token"": ""65"", ""original_dependency_type"": ""FS"", ""dependency_type"": ""FS""}]"
P03:EXAMPLE,21,P03:WBS:65,P03:WBS:66,"1 x 375 Endwall , Precast Type with wings, Complete in place, incl. Excavate, sand, supply and install.","Ch 2720 Extend 2/375 dia SRC Pipe Class 2, Installation to Main Roads Std Dwg 1359 - 2 x 375 SRC Pipe Cl 2 Complete in place, incl. removal of existing Endwall with care, excavate, sand, supply, lay & backfill.",DEP:58e447d2631478c009a8ce0d,FS,0.0,none,source_reciprocal,wbs,not_sampled,"[{""evidence_id"": ""P03:D66:1"", ""source_file"": ""Primary Dataset/P020 - P03 Regional Bypass Road.xlsx"", ""source_sheet"": ""Program Links"", ""source_cell"": ""D66"", ""source_field"": ""predecessors_raw"", ""stored_expression"": ""65"", ""interpreted_token"": ""65"", ""original_dependency_type"": ""FS"", ""dependency_type"": ""FS""}, {""evidence_id"": ""P03:E65:1"", ""source_file"": ""Primary Dataset/P020 - P03 Regional Bypass Road.xlsx"", ""source_sheet"": ""Program Links"", ""source_cell"": ""E65"", ""source_field"": ""successors_raw"", ""stored_expression"": ""66"", ""interpreted_token"": ""66"", ""original_dependency_type"": ""FS"", ""dependency_type"": ""FS""}]"
P03:EXAMPLE,22,P03:WBS:66,P03:WBS:67,"Ch 2720 Extend 2/375 dia SRC Pipe Class 2, Installation to Main Roads Std Dwg 1359 - 2 x 375 SRC Pipe Cl 2 Complete in place, incl. removal of existing Endwall with care, excavate, sand, supply, lay & backfill.","1/600 x 300 Cast Insitu Endwall and Apron to Main Roads Std Dwgs 1304 and 1371 Complete in place, incl. Excavate, supply and construct",DEP:f1ef483660d808e91a65371d,FS,0.0,none,source_reciprocal,wbs,not_sampled,"[{""evidence_id"": ""P03:D67:1"", ""source_file"": ""Primary Dataset/P020 - P03 Regional Bypass Road.xlsx"", ""source_sheet"": ""Program Links"", ""source_cell"": ""D67"", ""source_field"": ""predecessors_raw"", ""stored_expression"": ""66"", ""interpreted_token"": ""66"", ""original_dependency_type"": ""FS"", ""dependency_type"": ""FS""}, {""evidence_id"": ""P03:E66:1"", ""source_file"": ""Primary Dataset/P020 - P03 Regional Bypass Road.xlsx"", ""source_sheet"": ""Program Links"", ""source_cell"": ""E66"", ""source_field"": ""successors_raw"", ""stored_expression"": ""67"", ""interpreted_token"": ""67"", ""original_dependency_type"": ""FS"", ""dependency_type"": ""FS""}]"
P04:EXAMPLE,1,P04:WBS:4,P04:WBS:6,Stabilising,VARIATION - Additional Stabilising North of Mine Access Road,DEP:4aa9671e37ae082679b05d02,FS,0.0,none,source_reciprocal,wbs,pending,"[{""evidence_id"": ""P04:D6:1"", ""source_file"": ""Primary Dataset/P021 - P04 Regional Arterial Pavement Repairs.xlsx"", ""source_sheet"": ""Program Links"", ""source_cell"": ""D6"", ""source_field"": ""predecessors_raw"", ""stored_expression"": ""4"", ""interpreted_token"": ""4"", ""original_dependency_type"": ""FS"", ""dependency_type"": ""FS""}, {""evidence_id"": ""P04:E4:1"", ""source_file"": ""Primary Dataset/P021 - P04 Regional Arterial Pavement Repairs.xlsx"", ""source_sheet"": ""Program Links"", ""source_cell"": ""E4"", ""source_field"": ""successors_raw"", ""stored_expression"": ""6,8FF,7FF"", ""interpreted_token"": ""6"", ""original_dependency_type"": ""FS"", ""dependency_type"": ""FS""}]"
P04:EXAMPLE,2,P04:WBS:6,P04:WBS:10,VARIATION - Additional Stabilising North of Mine Access Road,Practical Completion,DEP:3eaefc082275bbdbc6abb530,FS,0.0,none,source_reciprocal,wbs,not_sampled,"[{""evidence_id"": ""P04:D10:1"", ""source_file"": ""Primary Dataset/P021 - P04 Regional Arterial Pavement Repairs.xlsx"", ""source_sheet"": ""Program Links"", ""source_cell"": ""D10"", ""source_field"": ""predecessors_raw"", ""stored_expression"": ""6"", ""interpreted_token"": ""6"", ""original_dependency_type"": ""FS"", ""dependency_type"": ""FS""}, {""evidence_id"": ""P04:E6:3"", ""source_file"": ""Primary Dataset/P021 - P04 Regional Arterial Pavement Repairs.xlsx"", ""source_sheet"": ""Program Links"", ""source_cell"": ""E6"", ""source_field"": ""successors_raw"", ""stored_expression"": ""8FF,9FF,10"", ""interpreted_token"": ""10"", ""original_dependency_type"": ""FS"", ""dependency_type"": ""FS""}]"
P05:EXAMPLE,1,P05:WBS:3,P05:WBS:109,Contract Award,Principal Supply of Precast Conrete Items,DEP:c441ec0b6423f4142c8cb7c2,FS,0.0,none,source_reciprocal,worksheet_row,not_sampled,"[{""evidence_id"": ""P05:D107:1"", ""source_file"": ""Primary Dataset/P022 - P05 Semi-Urban Road Reconstruction.xlsx"", ""source_sheet"": ""Program Links"", ""source_cell"": ""D107"", ""source_field"": ""predecessors_raw"", ""stored_expression"": ""3"", ""interpreted_token"": ""3"", ""original_dependency_type"": ""FS"", ""dependency_type"": ""FS""}, {""evidence_id"": ""P05:E3:6"", ""source_file"": ""Primary Dataset/P022 - P05 Semi-Urban Road Reconstruction.xlsx"", ""source_sheet"": ""Program Links"", ""source_cell"": ""E3"", ""source_field"": ""successors_raw"", ""stored_expression"": ""6,9,33,34,37,107"", ""interpreted_token"": ""107"", ""original_dependency_type"": ""FS"", ""dependency_type"": ""FS""}]"
P05:EXAMPLE,2,P05:WBS:109,P05:WBS:37,Principal Supply of Precast Conrete Items,Site Establishment & Disestablishment,DEP:f136b6d314cc09d0ff1a8f50,FS,0.0,none,source_reciprocal,worksheet_row,not_sampled,"[{""evidence_id"": ""P05:D36:3"", ""source_file"": ""Primary Dataset/P022 - P05 Semi-Urban Road Reconstruction.xlsx"", ""source_sheet"": ""Program Links"", ""source_cell"": ""D36"", ""source_field"": ""predecessors_raw"", ""stored_expression"": ""34,37,107"", ""interpreted_token"": ""107"", ""original_dependency_type"": ""FS"", ""dependency_type"": ""FS""}, {""evidence_id"": ""P05:E107:1"", ""source_file"": ""Primary Dataset/P022 - P05 Semi-Urban Road Reconstruction.xlsx"", ""source_sheet"": ""Program Links"", ""source_cell"": ""E107"", ""source_field"": ""successors_raw"", ""stored_expression"": ""36"", ""interpreted_token"": ""36"", ""original_dependency_type"": ""FS"", ""dependency_type"": ""FS""}]"
P05:EXAMPLE,3,P05:WBS:37,P05:WBS:107,Site Establishment & Disestablishment,Locate & Protect Services,DEP:1c958e9a80acb26417b8a56d,FS,0.0,none,source_reciprocal,worksheet_row,not_sampled,"[{""evidence_id"": ""P05:D105:1"", ""source_file"": ""Primary Dataset/P022 - P05 Semi-Urban Road Reconstruction.xlsx"", ""source_sheet"": ""Program Links"", ""source_cell"": ""D105"", ""source_field"": ""predecessors_raw"", ""stored_expression"": ""36"", ""interpreted_token"": ""36"", ""original_dependency_type"": ""FS"", ""dependency_type"": ""FS""}, {""evidence_id"": ""P05:E36:2"", ""source_file"": ""Primary Dataset/P022 - P05 Semi-Urban Road Reconstruction.xlsx"", ""source_sheet"": ""Program Links"", ""source_cell"": ""E36"", ""source_field"": ""successors_raw"", ""stored_expression"": ""40105"", ""interpreted_token"": ""105"", ""original_dependency_type"": ""FS"", ""dependency_type"": ""FS""}]"
P05:EXAMPLE,4,P05:WBS:107,P05:WBS:42,Locate & Protect Services,Clearing & Grubbing,DEP:b2b5fb7d2a190193dbb1b8ed,FS,0.0,none,source_reciprocal,worksheet_row,not_sampled,"[{""evidence_id"": ""P05:D41:2"", ""source_file"": ""Primary Dataset/P022 - P05 Semi-Urban Road Reconstruction.xlsx"", ""source_sheet"": ""Program Links"", ""source_cell"": ""D41"", ""source_field"": ""predecessors_raw"", ""stored_expression"": ""40105"", ""interpreted_token"": ""105"", ""original_dependency_type"": ""FS"", ""dependency_type"": ""FS""}, {""evidence_id"": ""P05:E105:1"", ""source_file"": ""Primary Dataset/P022 - P05 Semi-Urban Road Reconstruction.xlsx"", ""source_sheet"": ""Program Links"", ""source_cell"": ""E105"", ""source_field"": ""successors_raw"", ""stored_expression"": ""41"", ""interpreted_token"": ""41"", ""original_dependency_type"": ""FS"", ""dependency_type"": ""FS""}]"
P05:EXAMPLE,5,P05:WBS:42,P05:WBS:43,Clearing & Grubbing,"Special Item - Demolition of structures(concrete slabs, culverts pipes)",DEP:fd60ec00c6e0e3ecb32d6b16,FS,0.0,none,source_reciprocal,worksheet_row,not_sampled,"[{""evidence_id"": ""P05:D42:1"", ""source_file"": ""Primary Dataset/P022 - P05 Semi-Urban Road Reconstruction.xlsx"", ""source_sheet"": ""Program Links"", ""source_cell"": ""D42"", ""source_field"": ""predecessors_raw"", ""stored_expression"": ""41"", ""interpreted_token"": ""41"", ""original_dependency_type"": ""FS"", ""dependency_type"": ""FS""}, {""evidence_id"": ""P05:E41:1"", ""source_file"": ""Primary Dataset/P022 - P05 Semi-Urban Road Reconstruction.xlsx"", ""source_sheet"": ""Program Links"", ""source_cell"": ""E41"", ""source_field"": ""successors_raw"", ""stored_expression"": ""42"", ""interpreted_token"": ""42"", ""original_dependency_type"": ""FS"", ""dependency_type"": ""FS""}]"
P05:EXAMPLE,6,P05:WBS:43,P05:WBS:44,"Special Item - Demolition of structures(concrete slabs, culverts pipes)",Removal & Stockpiling of Topsoil for Re-use,DEP:fc7a5e02589e920841b7b38f,FS,0.0,none,source_reciprocal,worksheet_row,not_sampled,"[{""evidence_id"": ""P05:D43:1"", ""source_file"": ""Primary Dataset/P022 - P05 Semi-Urban Road Reconstruction.xlsx"", ""source_sheet"": ""Program Links"", ""source_cell"": ""D43"", ""source_field"": ""predecessors_raw"", ""stored_expression"": ""42"", ""interpreted_token"": ""42"", ""original_dependency_type"": ""FS"", ""dependency_type"": ""FS""}, {""evidence_id"": ""P05:E42:1"", ""source_file"": ""Primary Dataset/P022 - P05 Semi-Urban Road Reconstruction.xlsx"", ""source_sheet"": ""Program Links"", ""source_cell"": ""E42"", ""source_field"": ""successors_raw"", ""stored_expression"": ""43"", ""interpreted_token"": ""43"", ""original_dependency_type"": ""FS"", ""dependency_type"": ""FS""}]"
P05:EXAMPLE,7,P05:WBS:44,P05:WBS:45,Removal & Stockpiling of Topsoil for Re-use,General Earthworks (Fill),DEP:ca91bec1381cd9bc3aedfce1,FS,0.0,none,source_reciprocal,worksheet_row,not_sampled,"[{""evidence_id"": ""P05:D45:1"", ""source_file"": ""Primary Dataset/P022 - P05 Semi-Urban Road Reconstruction.xlsx"", ""source_sheet"": ""Program Links"", ""source_cell"": ""D45"", ""source_field"": ""predecessors_raw"", ""stored_expression"": ""43,44FF"", ""interpreted_token"": ""43"", ""original_dependency_type"": ""FS"", ""dependency_type"": ""FS""}, {""evidence_id"": ""P05:E43:1"", ""source_file"": ""Primary Dataset/P022 - P05 Semi-Urban Road Reconstruction.xlsx"", ""source_sheet"": ""Program Links"", ""source_cell"": ""E43"", ""source_field"": ""successors_raw"", ""stored_expression"": ""45,44"", ""interpreted_token"": ""45"", ""original_dependency_type"": ""FS"", ""dependency_type"": ""FS""}]"
P05:EXAMPLE,8,P05:WBS:45,P05:WBS:54,General Earthworks (Fill),Culvert 4S - 1200 x 450 (4.8m),DEP:a9b3adb1646a3f46ce97836f,FS,0.0,none,source_reciprocal,worksheet_row,not_sampled,"[{""evidence_id"": ""P05:D53:1"", ""source_file"": ""Primary Dataset/P022 - P05 Semi-Urban Road Reconstruction.xlsx"", ""source_sheet"": ""Program Links"", ""source_cell"": ""D53"", ""source_field"": ""predecessors_raw"", ""stored_expression"": ""45"", ""interpreted_token"": ""45"", ""original_dependency_type"": ""FS"", ""dependency_type"": ""FS""}, {""evidence_id"": ""P05:E45:3"", ""source_file"": ""Primary Dataset/P022 - P05 Semi-Urban Road Reconstruction.xlsx"", ""source_sheet"": ""Program Links"", ""source_cell"": ""E45"", ""source_field"": ""successors_raw"", ""stored_expression"": ""46,49,53"", ""interpreted_token"": ""53"", ""original_dependency_type"": ""FS"", ""dependency_type"": ""FS""}]"
P05:EXAMPLE,9,P05:WBS:54,P05:WBS:55,Culvert 4S - 1200 x 450 (4.8m),Culvert 4AB - 1200 x 450 (4.8m),DEP:7590330641bf55fa36640bd6,FS,0.0,none,source_reciprocal,worksheet_row,not_sampled,"[{""evidence_id"": ""P05:D54:1"", ""source_file"": ""Primary Dataset/P022 - P05 Semi-Urban Road Reconstruction.xlsx"", ""source_sheet"": ""Program Links"", ""source_cell"": ""D54"", ""source_field"": ""predecessors_raw"", ""stored_expression"": ""53"", ""interpreted_token"": ""53"", ""original_dependency_type"": ""FS"", ""dependency_type"": ""FS""}, {""evidence_id"": ""P05:E53:1"", ""source_file"": ""Primary Dataset/P022 - P05 Semi-Urban Road Reconstruction.xlsx"", ""source_sheet"": ""Program Links"", ""source_cell"": ""E53"", ""source_field"": ""successors_raw"", ""stored_expression"": ""54,69"", ""interpreted_token"": ""54"", ""original_dependency_type"": ""FS"", ""dependency_type"": ""FS""}]"
P05:EXAMPLE,10,P05:WBS:55,P05:WBS:56,Culvert 4AB - 1200 x 450 (4.8m),Culvert 5E - 2/1200 x 450 (6m),DEP:66c61178acb7ad13f27b8a38,FS,0.0,none,source_reciprocal,worksheet_row,not_sampled,"[{""evidence_id"": ""P05:D55:1"", ""source_file"": ""Primary Dataset/P022 - P05 Semi-Urban Road Reconstruction.xlsx"", ""source_sheet"": ""Program Links"", ""source_cell"": ""D55"", ""source_field"": ""predecessors_raw"", ""stored_expression"": ""54"", ""interpreted_token"": ""54"", ""original_dependency_type"": ""FS"", ""dependency_type"": ""FS""}, {""evidence_id"": ""P05:E54:2"", ""source_file"": ""Primary Dataset/P022 - P05 Semi-Urban Road Reconstruction.xlsx"", ""source_sheet"": ""Program Links"", ""source_cell"": ""E54"", ""source_field"": ""successors_raw"", ""stored_expression"": ""70FS+3 days,55"", ""interpreted_token"": ""55"", ""original_dependency_type"": ""FS"", ""dependency_type"": ""FS""}]"
P05:EXAMPLE,11,P05:WBS:56,P05:WBS:57,Culvert 5E - 2/1200 x 450 (6m),Culvert 6D - 3/1200 x 600 (6m),DEP:483e5d5c3de631371fe8b1db,FS,0.0,none,source_reciprocal,worksheet_row,pending,"[{""evidence_id"": ""P05:D56:1"", ""source_file"": ""Primary Dataset/P022 - P05 Semi-Urban Road Reconstruction.xlsx"", ""source_sheet"": ""Program Links"", ""source_cell"": ""D56"", ""source_field"": ""predecessors_raw"", ""stored_expression"": ""55"", ""interpreted_token"": ""55"", ""original_dependency_type"": ""FS"", ""dependency_type"": ""FS""}, {""evidence_id"": ""P05:E55:2"", ""source_file"": ""Primary Dataset/P022 - P05 Semi-Urban Road Reconstruction.xlsx"", ""source_sheet"": ""Program Links"", ""source_cell"": ""E55"", ""source_field"": ""successors_raw"", ""stored_expression"": ""71FS+3 days,56"", ""interpreted_token"": ""56"", ""original_dependency_type"": ""FS"", ""dependency_type"": ""FS""}]"
P05:EXAMPLE,12,P05:WBS:57,P05:WBS:58,Culvert 6D - 3/1200 x 600 (6m),Culvert 6F - 2/1200 x 600 (6m),DEP:8f5d9281a249893f8510b64f,FS,0.0,none,source_reciprocal,worksheet_row,not_sampled,"[{""evidence_id"": ""P05:D57:1"", ""source_file"": ""Primary Dataset/P022 - P05 Semi-Urban Road Reconstruction.xlsx"", ""source_sheet"": ""Program Links"", ""source_cell"": ""D57"", ""source_field"": ""predecessors_raw"", ""stored_expression"": ""56"", ""interpreted_token"": ""56"", ""original_dependency_type"": ""FS"", ""dependency_type"": ""FS""}, {""evidence_id"": ""P05:E56:2"", ""source_file"": ""Primary Dataset/P022 - P05 Semi-Urban Road Reconstruction.xlsx"", ""source_sheet"": ""Program Links"", ""source_cell"": ""E56"", ""source_field"": ""successors_raw"", ""stored_expression"": ""80FS+3 days,57"", ""interpreted_token"": ""57"", ""original_dependency_type"": ""FS"", ""dependency_type"": ""FS""}]"
P05:EXAMPLE,13,P05:WBS:58,P05:WBS:59,Culvert 6F - 2/1200 x 600 (6m),Culvert 6K - 2/1200 x 450 (4.8m),DEP:8a72216721cbe4b50a829138,FS,0.0,none,source_reciprocal,worksheet_row,not_sampled,"[{""evidence_id"": ""P05:D58:1"", ""source_file"": ""Primary Dataset/P022 - P05 Semi-Urban Road Reconstruction.xlsx"", ""source_sheet"": ""Program Links"", ""source_cell"": ""D58"", ""source_field"": ""predecessors_raw"", ""stored_expression"": ""57"", ""interpreted_token"": ""57"", ""original_dependency_type"": ""FS"", ""dependency_type"": ""FS""}, {""evidence_id"": ""P05:E57:2"", ""source_file"": ""Primary Dataset/P022 - P05 Semi-Urban Road Reconstruction.xlsx"", ""source_sheet"": ""Program Links"", ""source_cell"": ""E57"", ""source_field"": ""successors_raw"", ""stored_expression"": ""81FS+3 days,58"", ""interpreted_token"": ""58"", ""original_dependency_type"": ""FS"", ""dependency_type"": ""FS""}]"
P05:EXAMPLE,14,P05:WBS:59,P05:WBS:60,Culvert 6K - 2/1200 x 450 (4.8m),Culvert 6M - 2/1200 x 450 (4.8m),DEP:f62a84124e8cc2afa98b52f9,FS,0.0,none,source_reciprocal,worksheet_row,not_sampled,"[{""evidence_id"": ""P05:D59:1"", ""source_file"": ""Primary Dataset/P022 - P05 Semi-Urban Road Reconstruction.xlsx"", ""source_sheet"": ""Program Links"", ""source_cell"": ""D59"", ""source_field"": ""predecessors_raw"", ""stored_expression"": ""58"", ""interpreted_token"": ""58"", ""original_dependency_type"": ""FS"", ""dependency_type"": ""FS""}, {""evidence_id"": ""P05:E58:2"", ""source_file"": ""Primary Dataset/P022 - P05 Semi-Urban Road Reconstruction.xlsx"", ""source_sheet"": ""Program Links"", ""source_cell"": ""E58"", ""source_field"": ""successors_raw"", ""stored_expression"": ""72FS+3 days,59"", ""interpreted_token"": ""59"", ""original_dependency_type"": ""FS"", ""dependency_type"": ""FS""}]"
P05:EXAMPLE,15,P05:WBS:60,P05:WBS:61,Culvert 6M - 2/1200 x 450 (4.8m),Culvert 6P - 1200 x 450 (4.8m),DEP:51caca686f1849cc70bf00b4,FS,0.0,none,source_reciprocal,worksheet_row,not_sampled,"[{""evidence_id"": ""P05:D60:1"", ""source_file"": ""Primary Dataset/P022 - P05 Semi-Urban Road Reconstruction.xlsx"", ""source_sheet"": ""Program Links"", ""source_cell"": ""D60"", ""source_field"": ""predecessors_raw"", ""stored_expression"": ""59"", ""interpreted_token"": ""59"", ""original_dependency_type"": ""FS"", ""dependency_type"": ""FS""}, {""evidence_id"": ""P05:E59:2"", ""source_file"": ""Primary Dataset/P022 - P05 Semi-Urban Road Reconstruction.xlsx"", ""source_sheet"": ""Program Links"", ""source_cell"": ""E59"", ""source_field"": ""successors_raw"", ""stored_expression"": ""73FS+3 days,60"", ""interpreted_token"": ""60"", ""original_dependency_type"": ""FS"", ""dependency_type"": ""FS""}]"
P05:EXAMPLE,16,P05:WBS:61,P05:WBS:62,Culvert 6P - 1200 x 450 (4.8m),Culvert 6T - 1200 x 450 (6m),DEP:9188f8f5fe647e2e31a32ed7,FS,0.0,none,source_reciprocal,worksheet_row,not_sampled,"[{""evidence_id"": ""P05:D61:1"", ""source_file"": ""Primary Dataset/P022 - P05 Semi-Urban Road Reconstruction.xlsx"", ""source_sheet"": ""Program Links"", ""source_cell"": ""D61"", ""source_field"": ""predecessors_raw"", ""stored_expression"": ""60"", ""interpreted_token"": ""60"", ""original_dependency_type"": ""FS"", ""dependency_type"": ""FS""}, {""evidence_id"": ""P05:E60:2"", ""source_file"": ""Primary Dataset/P022 - P05 Semi-Urban Road Reconstruction.xlsx"", ""source_sheet"": ""Program Links"", ""source_cell"": ""E60"", ""source_field"": ""successors_raw"", ""stored_expression"": ""74FS+3 days,61"", ""interpreted_token"": ""61"", ""original_dependency_type"": ""FS"", ""dependency_type"": ""FS""}]"
P05:EXAMPLE,17,P05:WBS:62,P05:WBS:63,Culvert 6T - 1200 x 450 (6m),Culvert 4U 2/1200 x 600 (10.8m) Under Road,DEP:55432cea6a9e5ac5ebaa89ce,FS,0.0,none,source_reciprocal,worksheet_row,not_sampled,"[{""evidence_id"": ""P05:D62:1"", ""source_file"": ""Primary Dataset/P022 - P05 Semi-Urban Road Reconstruction.xlsx"", ""source_sheet"": ""Program Links"", ""source_cell"": ""D62"", ""source_field"": ""predecessors_raw"", ""stored_expression"": ""61"", ""interpreted_token"": ""61"", ""original_dependency_type"": ""FS"", ""dependency_type"": ""FS""}, {""evidence_id"": ""P05:E61:2"", ""source_file"": ""Primary Dataset/P022 - P05 Semi-Urban Road Reconstruction.xlsx"", ""source_sheet"": ""Program Links"", ""source_cell"": ""E61"", ""source_field"": ""successors_raw"", ""stored_expression"": ""75FS+3 days,62"", ""interpreted_token"": ""62"", ""original_dependency_type"": ""FS"", ""dependency_type"": ""FS""}]"
P05:EXAMPLE,18,P05:WBS:63,P05:WBS:64,Culvert 4U 2/1200 x 600 (10.8m) Under Road,Culvert 4AA - 3/1200 x 450 (9.6m) Under Road,DEP:be36279dea4291af1d6dc9bc,FS,0.0,none,source_reciprocal,worksheet_row,not_sampled,"[{""evidence_id"": ""P05:D63:1"", ""source_file"": ""Primary Dataset/P022 - P05 Semi-Urban Road Reconstruction.xlsx"", ""source_sheet"": ""Program Links"", ""source_cell"": ""D63"", ""source_field"": ""predecessors_raw"", ""stored_expression"": ""62"", ""interpreted_token"": ""62"", ""original_dependency_type"": ""FS"", ""dependency_type"": ""FS""}, {""evidence_id"": ""P05:E62:2"", ""source_file"": ""Primary Dataset/P022 - P05 Semi-Urban Road Reconstruction.xlsx"", ""source_sheet"": ""Program Links"", ""source_cell"": ""E62"", ""source_field"": ""successors_raw"", ""stored_expression"": ""82FS+3 days,63"", ""interpreted_token"": ""63"", ""original_dependency_type"": ""FS"", ""dependency_type"": ""FS""}]"
P05:EXAMPLE,19,P05:WBS:64,P05:WBS:65,Culvert 4AA - 3/1200 x 450 (9.6m) Under Road,Culvert 5D - 2/1200 x 600 ((.6m) Under Road,DEP:386e42883400ef0f6fbdac54,FS,0.0,none,source_reciprocal,worksheet_row,not_sampled,"[{""evidence_id"": ""P05:D64:1"", ""source_file"": ""Primary Dataset/P022 - P05 Semi-Urban Road Reconstruction.xlsx"", ""source_sheet"": ""Program Links"", ""source_cell"": ""D64"", ""source_field"": ""predecessors_raw"", ""stored_expression"": ""63"", ""interpreted_token"": ""63"", ""original_dependency_type"": ""FS"", ""dependency_type"": ""FS""}, {""evidence_id"": ""P05:E63:2"", ""source_file"": ""Primary Dataset/P022 - P05 Semi-Urban Road Reconstruction.xlsx"", ""source_sheet"": ""Program Links"", ""source_cell"": ""E63"", ""source_field"": ""successors_raw"", ""stored_expression"": ""76FS+3 days,64"", ""interpreted_token"": ""64"", ""original_dependency_type"": ""FS"", ""dependency_type"": ""FS""}]"
P05:EXAMPLE,20,P05:WBS:65,P05:WBS:66,Culvert 5D - 2/1200 x 600 ((.6m) Under Road,Culvert 5M - 4/1200 x 600 (10.8m) Under Road,DEP:16fe212572cc326ac1c1fd17,FS,0.0,none,source_reciprocal,worksheet_row,not_sampled,"[{""evidence_id"": ""P05:D65:1"", ""source_file"": ""Primary Dataset/P022 - P05 Semi-Urban Road Reconstruction.xlsx"", ""source_sheet"": ""Program Links"", ""source_cell"": ""D65"", ""source_field"": ""predecessors_raw"", ""stored_expression"": ""64"", ""interpreted_token"": ""64"", ""original_dependency_type"": ""FS"", ""dependency_type"": ""FS""}, {""evidence_id"": ""P05:E64:2"", ""source_file"": ""Primary Dataset/P022 - P05 Semi-Urban Road Reconstruction.xlsx"", ""source_sheet"": ""Program Links"", ""source_cell"": ""E64"", ""source_field"": ""successors_raw"", ""stored_expression"": ""83FS+3 days,65"", ""interpreted_token"": ""65"", ""original_dependency_type"": ""FS"", ""dependency_type"": ""FS""}]"
P05:EXAMPLE,21,P05:WBS:66,P05:WBS:67,Culvert 5M - 4/1200 x 600 (10.8m) Under Road,Culvert 6B - 1200 x 450 (9.6m) Under Road,DEP:4368c7bb4e733afa48eb2de5,FS,0.0,none,source_reciprocal,worksheet_row,not_sampled,"[{""evidence_id"": ""P05:D66:1"", ""source_file"": ""Primary Dataset/P022 - P05 Semi-Urban Road Reconstruction.xlsx"", ""source_sheet"": ""Program Links"", ""source_cell"": ""D66"", ""source_field"": ""predecessors_raw"", ""stored_expression"": ""65"", ""interpreted_token"": ""65"", ""original_dependency_type"": ""FS"", ""dependency_type"": ""FS""}, {""evidence_id"": ""P05:E65:2"", ""source_file"": ""Primary Dataset/P022 - P05 Semi-Urban Road Reconstruction.xlsx"", ""source_sheet"": ""Program Links"", ""source_cell"": ""E65"", ""source_field"": ""successors_raw"", ""stored_expression"": ""84FS+3 days,66"", ""interpreted_token"": ""66"", ""original_dependency_type"": ""FS"", ""dependency_type"": ""FS""}]"
P05:EXAMPLE,22,P05:WBS:67,P05:WBS:68,Culvert 6B - 1200 x 450 (9.6m) Under Road,Culvert 6V - 1200 x 450 (9.6m) Under Road,DEP:2de099e569a09cff3a6afb8d,FS,0.0,none,source_reciprocal,worksheet_row,not_sampled,"[{""evidence_id"": ""P05:D67:1"", ""source_file"": ""Primary Dataset/P022 - P05 Semi-Urban Road Reconstruction.xlsx"", ""source_sheet"": ""Program Links"", ""source_cell"": ""D67"", ""source_field"": ""predecessors_raw"", ""stored_expression"": ""66"", ""interpreted_token"": ""66"", ""original_dependency_type"": ""FS"", ""dependency_type"": ""FS""}, {""evidence_id"": ""P05:E66:2"", ""source_file"": ""Primary Dataset/P022 - P05 Semi-Urban Road Reconstruction.xlsx"", ""source_sheet"": ""Program Links"", ""source_cell"": ""E66"", ""source_field"": ""successors_raw"", ""stored_expression"": ""77FS+3 days,67"", ""interpreted_token"": ""67"", ""original_dependency_type"": ""FS"", ""dependency_type"": ""FS""}]"
P05:EXAMPLE,23,P05:WBS:68,P05:WBS:79,Culvert 6V - 1200 x 450 (9.6m) Under Road,Culvert 6V - 1200 x 450 (9.6m) Under Road,DEP:19a20f89b5e6396339c1569f,FS,3.0,days,source_reciprocal,worksheet_row,not_sampled,"[{""evidence_id"": ""P05:D78:1"", ""source_file"": ""Primary Dataset/P022 - P05 Semi-Urban Road Reconstruction.xlsx"", ""source_sheet"": ""Program Links"", ""source_cell"": ""D78"", ""source_field"": ""predecessors_raw"", ""stored_expression"": ""67FS+3 days,77"", ""interpreted_token"": ""67FS+3 days"", ""original_dependency_type"": ""FS"", ""dependency_type"": ""FS""}, {""evidence_id"": ""P05:E67:1"", ""source_file"": ""Primary Dataset/P022 - P05 Semi-Urban Road Reconstruction.xlsx"", ""source_sheet"": ""Program Links"", ""source_cell"": ""E67"", ""source_field"": ""successors_raw"", ""stored_expression"": ""78FS+3 days"", ""interpreted_token"": ""78FS+3 days"", ""original_dependency_type"": ""FS"", ""dependency_type"": ""FS""}]"
P06:EXAMPLE,1,P06:WBS:1,P06:WBS:600,Contract Award,DOHERTY STREET,DEP:cedb99a900fc46eb160403dd,FS,0.0,none,source_reciprocal,worksheet_row,not_sampled,"[{""evidence_id"": ""P06:D118:1"", ""source_file"": ""Primary Dataset/P024 - P06 Urban Road Reconstruction.xlsx"", ""source_sheet"": ""Program Links"", ""source_cell"": ""D118"", ""source_field"": ""predecessors_raw"", ""stored_expression"": ""2,93,110"", ""interpreted_token"": ""2"", ""original_dependency_type"": ""FS"", ""dependency_type"": ""FS""}, {""evidence_id"": ""P06:E2:6"", ""source_file"": ""Primary Dataset/P024 - P06 Urban Road Reconstruction.xlsx"", ""source_sheet"": ""Program Links"", ""source_cell"": ""E2"", ""source_field"": ""successors_raw"", ""stored_expression"": ""4,23,51,80,93,118,151,181,211"", ""interpreted_token"": ""118"", ""original_dependency_type"": ""FS"", ""dependency_type"": ""FS""}]"
P06:EXAMPLE,2,P06:WBS:600,P06:WBS:115,DOHERTY STREET,Quality Verification & Control,DEP:61aa464aee2f821d5a2812f9,FS,0.0,none,source_reciprocal,worksheet_row,not_sampled,"[{""evidence_id"": ""P06:D119:1"", ""source_file"": ""Primary Dataset/P024 - P06 Urban Road Reconstruction.xlsx"", ""source_sheet"": ""Program Links"", ""source_cell"": ""D119"", ""source_field"": ""predecessors_raw"", ""stored_expression"": ""118"", ""interpreted_token"": ""118"", ""original_dependency_type"": ""FS"", ""dependency_type"": ""FS""}, {""evidence_id"": ""P06:E118:2"", ""source_file"": ""Primary Dataset/P024 - P06 Urban Road Reconstruction.xlsx"", ""source_sheet"": ""Program Links"", ""source_cell"": ""E118"", ""source_field"": ""successors_raw"", ""stored_expression"": ""3119"", ""interpreted_token"": ""119"", ""original_dependency_type"": ""FS"", ""dependency_type"": ""FS""}]"
P06:EXAMPLE,3,P06:WBS:115,P06:WBS:116,Quality Verification & Control,Control of Traffic,DEP:2308bb2a757eff92ad81f3f1,FS,0.0,none,source_reciprocal,worksheet_row,not_sampled,"[{""evidence_id"": ""P06:D120:1"", ""source_file"": ""Primary Dataset/P024 - P06 Urban Road Reconstruction.xlsx"", ""source_sheet"": ""Program Links"", ""source_cell"": ""D120"", ""source_field"": ""predecessors_raw"", ""stored_expression"": ""119"", ""interpreted_token"": ""119"", ""original_dependency_type"": ""FS"", ""dependency_type"": ""FS""}, {""evidence_id"": ""P06:E119:1"", ""source_file"": ""Primary Dataset/P024 - P06 Urban Road Reconstruction.xlsx"", ""source_sheet"": ""Program Links"", ""source_cell"": ""E119"", ""source_field"": ""successors_raw"", ""stored_expression"": ""120"", ""interpreted_token"": ""120"", ""original_dependency_type"": ""FS"", ""dependency_type"": ""FS""}]"
P06:EXAMPLE,4,P06:WBS:116,P06:WBS:117,Control of Traffic,General Earthworks Cut,DEP:5840f6efd42997e4940b09b9,SS,0.0,none,source_reciprocal,worksheet_row,not_sampled,"[{""evidence_id"": ""P06:D121:1"", ""source_file"": ""Primary Dataset/P024 - P06 Urban Road Reconstruction.xlsx"", ""source_sheet"": ""Program Links"", ""source_cell"": ""D121"", ""source_field"": ""predecessors_raw"", ""stored_expression"": ""120SS"", ""interpreted_token"": ""120SS"", ""original_dependency_type"": ""SS"", ""dependency_type"": ""SS""}, {""evidence_id"": ""P06:E120:1"", ""source_file"": ""Primary Dataset/P024 - P06 Urban Road Reconstruction.xlsx"", ""source_sheet"": ""Program Links"", ""source_cell"": ""E120"", ""source_field"": ""successors_raw"", ""stored_expression"": ""121SS,144"", ""interpreted_token"": ""121SS"", ""original_dependency_type"": ""SS"", ""dependency_type"": ""SS""}]"
P06:EXAMPLE,5,P06:WBS:117,P06:WBS:120,General Earthworks Cut,Removal / Demolition of Drainage Components complete,DEP:8766fd4eecc8209977537317,FS,0.0,none,source_reciprocal,worksheet_row,not_sampled,"[{""evidence_id"": ""P06:D124:1"", ""source_file"": ""Primary Dataset/P024 - P06 Urban Road Reconstruction.xlsx"", ""source_sheet"": ""Program Links"", ""source_cell"": ""D124"", ""source_field"": ""predecessors_raw"", ""stored_expression"": ""121"", ""interpreted_token"": ""121"", ""original_dependency_type"": ""FS"", ""dependency_type"": ""FS""}, {""evidence_id"": ""P06:E121:1"", ""source_file"": ""Primary Dataset/P024 - P06 Urban Road Reconstruction.xlsx"", ""source_sheet"": ""Program Links"", ""source_cell"": ""E121"", ""source_field"": ""successors_raw"", ""stored_expression"": ""124123"", ""interpreted_token"": ""124"", ""original_dependency_type"": ""FS"", ""dependency_type"": ""FS""}]"
P06:EXAMPLE,6,P06:WBS:120,P06:WBS:122,Removal / Demolition of Drainage Components complete,"375mm dia Class 2, Flush Joint",DEP:1eabbd4e9741728c9d581a62,FS,0.0,none,source_reciprocal,worksheet_row,not_sampled,"[{""evidence_id"": ""P06:D126:1"", ""source_file"": ""Primary Dataset/P024 - P06 Urban Road Reconstruction.xlsx"", ""source_sheet"": ""Program Links"", ""source_cell"": ""D126"", ""source_field"": ""predecessors_raw"", ""stored_expression"": ""124252"", ""interpreted_token"": ""124"", ""original_dependency_type"": ""FS"", ""dependency_type"": ""FS""}, {""evidence_id"": ""P06:E124:1"", ""source_file"": ""Primary Dataset/P024 - P06 Urban Road Reconstruction.xlsx"", ""source_sheet"": ""Program Links"", ""source_cell"": ""E124"", ""source_field"": ""successors_raw"", ""stored_expression"": ""126"", ""interpreted_token"": ""126"", ""original_dependency_type"": ""FS"", ""dependency_type"": ""FS""}]"
P06:EXAMPLE,7,P06:WBS:122,P06:WBS:123,"375mm dia Class 2, Flush Joint","450mm dia Class 2, Flush Joint",DEP:206c6dbbf1d53a68b516b2d3,FS,0.0,none,source_reciprocal,worksheet_row,not_sampled,"[{""evidence_id"": ""P06:D127:1"", ""source_file"": ""Primary Dataset/P024 - P06 Urban Road Reconstruction.xlsx"", ""source_sheet"": ""Program Links"", ""source_cell"": ""D127"", ""source_field"": ""predecessors_raw"", ""stored_expression"": ""126"", ""interpreted_token"": ""126"", ""original_dependency_type"": ""FS"", ""dependency_type"": ""FS""}, {""evidence_id"": ""P06:E126:1"", ""source_file"": ""Primary Dataset/P024 - P06 Urban Road Reconstruction.xlsx"", ""source_sheet"": ""Program Links"", ""source_cell"": ""E126"", ""source_field"": ""successors_raw"", ""stored_expression"": ""127"", ""interpreted_token"": ""127"", ""original_dependency_type"": ""FS"", ""dependency_type"": ""FS""}]"
P06:EXAMPLE,8,P06:WBS:123,P06:WBS:124,"450mm dia Class 2, Flush Joint","450mm dia Class 2, Rubber Ring Joint",DEP:70beb743457a248ac7cbd546,FS,0.0,none,source_reciprocal,worksheet_row,not_sampled,"[{""evidence_id"": ""P06:D128:1"", ""source_file"": ""Primary Dataset/P024 - P06 Urban Road Reconstruction.xlsx"", ""source_sheet"": ""Program Links"", ""source_cell"": ""D128"", ""source_field"": ""predecessors_raw"", ""stored_expression"": ""127"", ""interpreted_token"": ""127"", ""original_dependency_type"": ""FS"", ""dependency_type"": ""FS""}, {""evidence_id"": ""P06:E127:1"", ""source_file"": ""Primary Dataset/P024 - P06 Urban Road Reconstruction.xlsx"", ""source_sheet"": ""Program Links"", ""source_cell"": ""E127"", ""source_field"": ""successors_raw"", ""stored_expression"": ""128"", ""interpreted_token"": ""128"", ""original_dependency_type"": ""FS"", ""dependency_type"": ""FS""}]"
P06:EXAMPLE,9,P06:WBS:124,P06:WBS:125,"450mm dia Class 2, Rubber Ring Joint",900 x 450,DEP:9c642d14192e480903524790,FS,0.0,none,source_reciprocal,worksheet_row,not_sampled,"[{""evidence_id"": ""P06:D129:1"", ""source_file"": ""Primary Dataset/P024 - P06 Urban Road Reconstruction.xlsx"", ""source_sheet"": ""Program Links"", ""source_cell"": ""D129"", ""source_field"": ""predecessors_raw"", ""stored_expression"": ""128"", ""interpreted_token"": ""128"", ""original_dependency_type"": ""FS"", ""dependency_type"": ""FS""}, {""evidence_id"": ""P06:E128:1"", ""source_file"": ""Primary Dataset/P024 - P06 Urban Road Reconstruction.xlsx"", ""source_sheet"": ""Program Links"", ""source_cell"": ""E128"", ""source_field"": ""successors_raw"", ""stored_expression"": ""129"", ""interpreted_token"": ""129"", ""original_dependency_type"": ""FS"", ""dependency_type"": ""FS""}]"
P06:EXAMPLE,10,P06:WBS:125,P06:WBS:126,900 x 450,1200 x 450,DEP:a146c5470986ce754793449b,FS,0.0,none,source_reciprocal,worksheet_row,not_sampled,"[{""evidence_id"": ""P06:D130:1"", ""source_file"": ""Primary Dataset/P024 - P06 Urban Road Reconstruction.xlsx"", ""source_sheet"": ""Program Links"", ""source_cell"": ""D130"", ""source_field"": ""predecessors_raw"", ""stored_expression"": ""129"", ""interpreted_token"": ""129"", ""original_dependency_type"": ""FS"", ""dependency_type"": ""FS""}, {""evidence_id"": ""P06:E129:1"", ""source_file"": ""Primary Dataset/P024 - P06 Urban Road Reconstruction.xlsx"", ""source_sheet"": ""Program Links"", ""source_cell"": ""E129"", ""source_field"": ""successors_raw"", ""stored_expression"": ""130"", ""interpreted_token"": ""130"", ""original_dependency_type"": ""FS"", ""dependency_type"": ""FS""}]"
P06:EXAMPLE,11,P06:WBS:126,P06:WBS:127,1200 x 450,1200 x 600,DEP:399149a46ad921c97bb8c53d,FS,0.0,none,source_reciprocal,worksheet_row,not_sampled,"[{""evidence_id"": ""P06:D131:1"", ""source_file"": ""Primary Dataset/P024 - P06 Urban Road Reconstruction.xlsx"", ""source_sheet"": ""Program Links"", ""source_cell"": ""D131"", ""source_field"": ""predecessors_raw"", ""stored_expression"": ""130"", ""interpreted_token"": ""130"", ""original_dependency_type"": ""FS"", ""dependency_type"": ""FS""}, {""evidence_id"": ""P06:E130:1"", ""source_file"": ""Primary Dataset/P024 - P06 Urban Road Reconstruction.xlsx"", ""source_sheet"": ""Program Links"", ""source_cell"": ""E130"", ""source_field"": ""successors_raw"", ""stored_expression"": ""131"", ""interpreted_token"": ""131"", ""original_dependency_type"": ""FS"", ""dependency_type"": ""FS""}]"
P06:EXAMPLE,12,P06:WBS:127,P06:WBS:129,1200 x 600,BRO Pit Gully Pit,DEP:5026768b0e8855ce21468e1e,FS,0.0,none,source_reciprocal,worksheet_row,not_sampled,"[{""evidence_id"": ""P06:D133:1"", ""source_file"": ""Primary Dataset/P024 - P06 Urban Road Reconstruction.xlsx"", ""source_sheet"": ""Program Links"", ""source_cell"": ""D133"", ""source_field"": ""predecessors_raw"", ""stored_expression"": ""131"", ""interpreted_token"": ""131"", ""original_dependency_type"": ""FS"", ""dependency_type"": ""FS""}, {""evidence_id"": ""P06:E131:2"", ""source_file"": ""Primary Dataset/P024 - P06 Urban Road Reconstruction.xlsx"", ""source_sheet"": ""Program Links"", ""source_cell"": ""E131"", ""source_field"": ""successors_raw"", ""stored_expression"": ""132133141137"", ""interpreted_token"": ""133"", ""original_dependency_type"": ""FS"", ""dependency_type"": ""FS""}]"
P06:EXAMPLE,13,P06:WBS:129,P06:WBS:130,BRO Pit Gully Pit,(v) Concrete Manholes - Cast Insitu,DEP:b7a9ad1f52b436623160f5e4,FS,0.0,none,source_reciprocal,worksheet_row,not_sampled,"[{""evidence_id"": ""P06:D134:1"", ""source_file"": ""Primary Dataset/P024 - P06 Urban Road Reconstruction.xlsx"", ""source_sheet"": ""Program Links"", ""source_cell"": ""D134"", ""source_field"": ""predecessors_raw"", ""stored_expression"": ""133"", ""interpreted_token"": ""133"", ""original_dependency_type"": ""FS"", ""dependency_type"": ""FS""}, {""evidence_id"": ""P06:E133:1"", ""source_file"": ""Primary Dataset/P024 - P06 Urban Road Reconstruction.xlsx"", ""source_sheet"": ""Program Links"", ""source_cell"": ""E133"", ""source_field"": ""successors_raw"", ""stored_expression"": ""134"", ""interpreted_token"": ""134"", ""original_dependency_type"": ""FS"", ""dependency_type"": ""FS""}]"
P06:EXAMPLE,14,P06:WBS:130,P06:WBS:132,(v) Concrete Manholes - Cast Insitu,(ii) Concrete Mountable Kerb & Channel M1 complete,DEP:086378dfca621346ffa1a425,FS,0.0,none,source_reciprocal,worksheet_row,not_sampled,"[{""evidence_id"": ""P06:D136:1"", ""source_file"": ""Primary Dataset/P024 - P06 Urban Road Reconstruction.xlsx"", ""source_sheet"": ""Program Links"", ""source_cell"": ""D136"", ""source_field"": ""predecessors_raw"", ""stored_expression"": ""134139254"", ""interpreted_token"": ""134"", ""original_dependency_type"": ""FS"", ""dependency_type"": ""FS""}, {""evidence_id"": ""P06:E134:1"", ""source_file"": ""Primary Dataset/P024 - P06 Urban Road Reconstruction.xlsx"", ""source_sheet"": ""Program Links"", ""source_cell"": ""E134"", ""source_field"": ""successors_raw"", ""stored_expression"": ""136254"", ""interpreted_token"": ""136"", ""original_dependency_type"": ""FS"", ""dependency_type"": ""FS""}]"
P06:EXAMPLE,15,P06:WBS:132,P06:WBS:131,(ii) Concrete Mountable Kerb & Channel M1 complete,(i) Concrete Barrier Kerb & Channel B1 complete,DEP:f9300081dc7e25569c48e082,FS,0.0,none,source_reciprocal,worksheet_row,not_sampled,"[{""evidence_id"": ""P06:D135:1"", ""source_file"": ""Primary Dataset/P024 - P06 Urban Road Reconstruction.xlsx"", ""source_sheet"": ""Program Links"", ""source_cell"": ""D135"", ""source_field"": ""predecessors_raw"", ""stored_expression"": ""136"", ""interpreted_token"": ""136"", ""original_dependency_type"": ""FS"", ""dependency_type"": ""FS""}, {""evidence_id"": ""P06:E136:2"", ""source_file"": ""Primary Dataset/P024 - P06 Urban Road Reconstruction.xlsx"", ""source_sheet"": ""Program Links"", ""source_cell"": ""E136"", ""source_field"": ""successors_raw"", ""stored_expression"": ""125FF,135"", ""interpreted_token"": ""135"", ""original_dependency_type"": ""FS"", ""dependency_type"": ""FS""}]"
P06:EXAMPLE,16,P06:WBS:131,P06:WBS:136,(i) Concrete Barrier Kerb & Channel B1 complete,Place only Type 2.1 (828m²),DEP:85fb3e4305c56cf5084bea69,FS,0.0,none,source_reciprocal,worksheet_row,not_sampled,"[{""evidence_id"": ""P06:D140:1"", ""source_file"": ""Primary Dataset/P024 - P06 Urban Road Reconstruction.xlsx"", ""source_sheet"": ""Program Links"", ""source_cell"": ""D140"", ""source_field"": ""predecessors_raw"", ""stored_expression"": ""135,146FF,255"", ""interpreted_token"": ""135"", ""original_dependency_type"": ""FS"", ""dependency_type"": ""FS""}, {""evidence_id"": ""P06:E135:2"", ""source_file"": ""Primary Dataset/P024 - P06 Urban Road Reconstruction.xlsx"", ""source_sheet"": ""Program Links"", ""source_cell"": ""E135"", ""source_field"": ""successors_raw"", ""stored_expression"": ""122140146255"", ""interpreted_token"": ""140"", ""original_dependency_type"": ""FS"", ""dependency_type"": ""FS""}]"
P06:EXAMPLE,17,P06:WBS:136,P06:WBS:138,Place only Type 2.1 (828m²),(vii) AMC5,DEP:453ece7e52126241c2ee1226,FS,5.0,days,source_reciprocal,worksheet_row,not_sampled,"[{""evidence_id"": ""P06:D142:1"", ""source_file"": ""Primary Dataset/P024 - P06 Urban Road Reconstruction.xlsx"", ""source_sheet"": ""Program Links"", ""source_cell"": ""D142"", ""source_field"": ""predecessors_raw"", ""stored_expression"": ""140FS+5 days,146,256"", ""interpreted_token"": ""140FS+5 days"", ""original_dependency_type"": ""FS"", ""dependency_type"": ""FS""}, {""evidence_id"": ""P06:E140:1"", ""source_file"": ""Primary Dataset/P024 - P06 Urban Road Reconstruction.xlsx"", ""source_sheet"": ""Program Links"", ""source_cell"": ""E140"", ""source_field"": ""successors_raw"", ""stored_expression"": ""142FS+5 days"", ""interpreted_token"": ""142FS+5 days"", ""original_dependency_type"": ""FS"", ""dependency_type"": ""FS""}]"
P06:EXAMPLE,18,P06:WBS:138,P06:WBS:139,(vii) AMC5,(ii) 14mm Nominal Size,DEP:c4b7d55b0af85a22f94a142a,FS,14.0,days,source_reciprocal,worksheet_row,not_sampled,"[{""evidence_id"": ""P06:D143:1"", ""source_file"": ""Primary Dataset/P024 - P06 Urban Road Reconstruction.xlsx"", ""source_sheet"": ""Program Links"", ""source_cell"": ""D143"", ""source_field"": ""predecessors_raw"", ""stored_expression"": ""142FS+14 days"", ""interpreted_token"": ""142FS+14 days"", ""original_dependency_type"": ""FS"", ""dependency_type"": ""FS""}, {""evidence_id"": ""P06:E142:1"", ""source_file"": ""Primary Dataset/P024 - P06 Urban Road Reconstruction.xlsx"", ""source_sheet"": ""Program Links"", ""source_cell"": ""E142"", ""source_field"": ""successors_raw"", ""stored_expression"": ""143FS+14 days,145"", ""interpreted_token"": ""143FS+14 days"", ""original_dependency_type"": ""FS"", ""dependency_type"": ""FS""}]"
P17:EXAMPLE,1,P17:ROW:3,P17:WBS:5,CONTRACT AWARD,ROADWORKS AND DRAINAGE Site establishment and disestablishment,DEP:49c9ee577d698d3616d3bd21,FS,0.0,none,reconciled_inference,wbs,pending,"[{""evidence_id"": ""P17:E5:1"", ""source_file"": ""Primary Dataset/P038 - P17 Marina Sub-division.xlsx"", ""source_sheet"": ""Program Links"", ""source_cell"": ""E5"", ""source_field"": ""predecessors_raw"", ""stored_expression"": ""3"", ""interpreted_token"": ""3"", ""original_dependency_type"": ""FS"", ""dependency_type"": ""FS""}, {""evidence_id"": ""P17:F3:1"", ""source_file"": ""Primary Dataset/P038 - P17 Marina Sub-division.xlsx"", ""source_sheet"": ""Program Links"", ""source_cell"": ""F3"", ""source_field"": ""successors_raw"", ""stored_expression"": ""5"", ""interpreted_token"": ""5"", ""original_dependency_type"": ""FS"", ""dependency_type"": ""FS""}]"
P17:EXAMPLE,2,P17:WBS:5,P17:WBS:35,ROADWORKS AND DRAINAGE Site establishment and disestablishment,Locate and protect services - general,DEP:b70fc9105ea5c6b1b83c8096,FS,0.0,none,source_reciprocal,wbs,not_sampled,"[{""evidence_id"": ""P17:E35:1"", ""source_file"": ""Primary Dataset/P038 - P17 Marina Sub-division.xlsx"", ""source_sheet"": ""Program Links"", ""source_cell"": ""E35"", ""source_field"": ""predecessors_raw"", ""stored_expression"": ""5"", ""interpreted_token"": ""5"", ""original_dependency_type"": ""FS"", ""dependency_type"": ""FS""}, {""evidence_id"": ""P17:F5:2"", ""source_file"": ""Primary Dataset/P038 - P17 Marina Sub-division.xlsx"", ""source_sheet"": ""Program Links"", ""source_cell"": ""F5"", ""source_field"": ""successors_raw"", ""stored_expression"": ""24,35,33"", ""interpreted_token"": ""35"", ""original_dependency_type"": ""FS"", ""dependency_type"": ""FS""}]"
P17:EXAMPLE,3,P17:WBS:35,P17:WBS:6,Locate and protect services - general,"Drainage, Retaining Structures & Protective TreatmentsSupply of Precast Concrete Pipe Culverts in accordance with AS 4058 - Exposure Class B1, and Installation of Culverts to MRS03Supply and installation of concrete pipe culvert components, Class 2, RRJ, 375mm diameter with saltwater cover",DEP:2b77ebec8304e16c62aa189f,FS,0.0,none,source_reciprocal,wbs,not_sampled,"[{""evidence_id"": ""P17:E6:2"", ""source_file"": ""Primary Dataset/P038 - P17 Marina Sub-division.xlsx"", ""source_sheet"": ""Program Links"", ""source_cell"": ""E6"", ""source_field"": ""predecessors_raw"", ""stored_expression"": ""25,35"", ""interpreted_token"": ""35"", ""original_dependency_type"": ""FS"", ""dependency_type"": ""FS""}, {""evidence_id"": ""P17:F35:1"", ""source_file"": ""Primary Dataset/P038 - P17 Marina Sub-division.xlsx"", ""source_sheet"": ""Program Links"", ""source_cell"": ""F35"", ""source_field"": ""successors_raw"", ""stored_expression"": ""6"", ""interpreted_token"": ""6"", ""original_dependency_type"": ""FS"", ""dependency_type"": ""FS""}]"
P17:EXAMPLE,4,P17:WBS:6,P17:WBS:7,"Drainage, Retaining Structures & Protective TreatmentsSupply of Precast Concrete Pipe Culverts in accordance with AS 4058 - Exposure Class B1, and Installation of Culverts to MRS03Supply and installation of concrete pipe culvert components, Class 2, RRJ, 375mm diameter with saltwater cover","Supply and installation of concrete pipe culvert components, Class 2, RRJ, 450mm diameter with saltwater cover",DEP:8d3f8b0bf270a66f69a71a3e,FS,0.0,none,source_reciprocal,wbs,pending,"[{""evidence_id"": ""P17:E7:1"", ""source_file"": ""Primary Dataset/P038 - P17 Marina Sub-division.xlsx"", ""source_sheet"": ""Program Links"", ""source_cell"": ""E7"", ""source_field"": ""predecessors_raw"", ""stored_expression"": ""6"", ""interpreted_token"": ""6"", ""original_dependency_type"": ""FS"", ""dependency_type"": ""FS""}, {""evidence_id"": ""P17:F6:1"", ""source_file"": ""Primary Dataset/P038 - P17 Marina Sub-division.xlsx"", ""source_sheet"": ""Program Links"", ""source_cell"": ""F6"", ""source_field"": ""successors_raw"", ""stored_expression"": ""7"", ""interpreted_token"": ""7"", ""original_dependency_type"": ""FS"", ""dependency_type"": ""FS""}]"
P17:EXAMPLE,5,P17:WBS:7,P17:WBS:8,"Supply and installation of concrete pipe culvert components, Class 2, RRJ, 450mm diameter with saltwater cover","Supply and installation of concrete pipe culvert components, Class 2, RRJ, 525mm diameter with saltwater cover",DEP:17d38417059fc5243da4e5db,FS,0.0,none,source_reciprocal,wbs,not_sampled,"[{""evidence_id"": ""P17:E8:1"", ""source_file"": ""Primary Dataset/P038 - P17 Marina Sub-division.xlsx"", ""source_sheet"": ""Program Links"", ""source_cell"": ""E8"", ""source_field"": ""predecessors_raw"", ""stored_expression"": ""7"", ""interpreted_token"": ""7"", ""original_dependency_type"": ""FS"", ""dependency_type"": ""FS""}, {""evidence_id"": ""P17:F7:1"", ""source_file"": ""Primary Dataset/P038 - P17 Marina Sub-division.xlsx"", ""source_sheet"": ""Program Links"", ""source_cell"": ""F7"", ""source_field"": ""successors_raw"", ""stored_expression"": ""8"", ""interpreted_token"": ""8"", ""original_dependency_type"": ""FS"", ""dependency_type"": ""FS""}]"
P17:EXAMPLE,6,P17:WBS:8,P17:WBS:9,"Supply and installation of concrete pipe culvert components, Class 2, RRJ, 525mm diameter with saltwater cover","Supply and installation of concrete pipe culvert components, Class 2,RRJ, 600mm diameter with saltwater cover",DEP:739869f44b3f04204c4920a2,FS,0.0,none,source_reciprocal,wbs,not_sampled,"[{""evidence_id"": ""P17:E9:1"", ""source_file"": ""Primary Dataset/P038 - P17 Marina Sub-division.xlsx"", ""source_sheet"": ""Program Links"", ""source_cell"": ""E9"", ""source_field"": ""predecessors_raw"", ""stored_expression"": ""8"", ""interpreted_token"": ""8"", ""original_dependency_type"": ""FS"", ""dependency_type"": ""FS""}, {""evidence_id"": ""P17:F8:1"", ""source_file"": ""Primary Dataset/P038 - P17 Marina Sub-division.xlsx"", ""source_sheet"": ""Program Links"", ""source_cell"": ""F8"", ""source_field"": ""successors_raw"", ""stored_expression"": ""9"", ""interpreted_token"": ""9"", ""original_dependency_type"": ""FS"", ""dependency_type"": ""FS""}]"
P17:EXAMPLE,7,P17:WBS:9,P17:WBS:10,"Supply and installation of concrete pipe culvert components, Class 2,RRJ, 600mm diameter with saltwater cover","Supply of Stormwater Drainage Pipe Culverts in accordance with AS/NZS 5065, and installation of Culverts to MRS03 - Supply of Stormwater Drainage Pipe Culverts in accordance with AS/NZS 5065, and installation of Culverts to MRS03 - Supply and installation of BlackMAX stormwater pipe, Class SN8, 150 mm diameter",DEP:7d6c4f3414d8c9348a513712,FS,0.0,none,source_reciprocal,wbs,not_sampled,"[{""evidence_id"": ""P17:E10:1"", ""source_file"": ""Primary Dataset/P038 - P17 Marina Sub-division.xlsx"", ""source_sheet"": ""Program Links"", ""source_cell"": ""E10"", ""source_field"": ""predecessors_raw"", ""stored_expression"": ""9"", ""interpreted_token"": ""9"", ""original_dependency_type"": ""FS"", ""dependency_type"": ""FS""}, {""evidence_id"": ""P17:F9:1"", ""source_file"": ""Primary Dataset/P038 - P17 Marina Sub-division.xlsx"", ""source_sheet"": ""Program Links"", ""source_cell"": ""F9"", ""source_field"": ""successors_raw"", ""stored_expression"": ""10"", ""interpreted_token"": ""10"", ""original_dependency_type"": ""FS"", ""dependency_type"": ""FS""}]"
P17:EXAMPLE,8,P17:WBS:10,P17:WBS:16,"Supply of Stormwater Drainage Pipe Culverts in accordance with AS/NZS 5065, and installation of Culverts to MRS03 - Supply of Stormwater Drainage Pipe Culverts in accordance with AS/NZS 5065, and installation of Culverts to MRS03 - Supply and installation of BlackMAX stormwater pipe, Class SN8, 150 mm diameter","Pavement Drainage, MRS03 600x600 RKO pit with riser 600x600 V-Grate & Concrete Surround",DEP:139e6df29df07c0b001803c8,FS,0.0,none,source_reciprocal,wbs,not_sampled,"[{""evidence_id"": ""P17:E16:1"", ""source_file"": ""Primary Dataset/P038 - P17 Marina Sub-division.xlsx"", ""source_sheet"": ""Program Links"", ""source_cell"": ""E16"", ""source_field"": ""predecessors_raw"", ""stored_expression"": ""10"", ""interpreted_token"": ""10"", ""original_dependency_type"": ""FS"", ""dependency_type"": ""FS""}, {""evidence_id"": ""P17:F10:1"", ""source_file"": ""Primary Dataset/P038 - P17 Marina Sub-division.xlsx"", ""source_sheet"": ""Program Links"", ""source_cell"": ""F10"", ""source_field"": ""successors_raw"", ""stored_expression"": ""16,11"", ""interpreted_token"": ""16"", ""original_dependency_type"": ""FS"", ""dependency_type"": ""FS""}]"
P17:EXAMPLE,9,P17:WBS:16,P17:WBS:36,"Pavement Drainage, MRS03 600x600 RKO pit with riser 600x600 V-Grate & Concrete Surround","WATER PRESSURE MAINS - Water Reticulation - Supply OPVC pressure pipe, RRJ, (C.I.O.D. compatible) PN 16 100mm dia",DEP:25c993519b67868e6c9885c4,FS,0.0,none,source_reciprocal,wbs,not_sampled,"[{""evidence_id"": ""P17:E36:1"", ""source_file"": ""Primary Dataset/P038 - P17 Marina Sub-division.xlsx"", ""source_sheet"": ""Program Links"", ""source_cell"": ""E36"", ""source_field"": ""predecessors_raw"", ""stored_expression"": ""16"", ""interpreted_token"": ""16"", ""original_dependency_type"": ""FS"", ""dependency_type"": ""FS""}, {""evidence_id"": ""P17:F16:2"", ""source_file"": ""Primary Dataset/P038 - P17 Marina Sub-division.xlsx"", ""source_sheet"": ""Program Links"", ""source_cell"": ""F16"", ""source_field"": ""successors_raw"", ""stored_expression"": ""18,36"", ""interpreted_token"": ""36"", ""original_dependency_type"": ""FS"", ""dependency_type"": ""FS""}]"
P17:EXAMPLE,10,P17:WBS:36,P17:WBS:49,"WATER PRESSURE MAINS - Water Reticulation - Supply OPVC pressure pipe, RRJ, (C.I.O.D. compatible) PN 16 100mm dia","WATER PRESSURE MAINS - House Connection Services (Refer MRC Std Dwg A3-00840) including supply and installation of 100 mm tapping band, main cock and poly pipe to property boundary - 32mm single (WATER METERS NOT INCLUDED - BY FUTURE OWNERS)",DEP:240ad3843519711e0f9abe9b,FS,0.0,none,source_reciprocal,wbs,not_sampled,"[{""evidence_id"": ""P17:E49:1"", ""source_file"": ""Primary Dataset/P038 - P17 Marina Sub-division.xlsx"", ""source_sheet"": ""Program Links"", ""source_cell"": ""E49"", ""source_field"": ""predecessors_raw"", ""stored_expression"": ""36"", ""interpreted_token"": ""36"", ""original_dependency_type"": ""FS"", ""dependency_type"": ""FS""}, {""evidence_id"": ""P17:F36:2"", ""source_file"": ""Primary Dataset/P038 - P17 Marina Sub-division.xlsx"", ""source_sheet"": ""Program Links"", ""source_cell"": ""F36"", ""source_field"": ""successors_raw"", ""stored_expression"": ""37FF,49"", ""interpreted_token"": ""49"", ""original_dependency_type"": ""FS"", ""dependency_type"": ""FS""}]"
P17:EXAMPLE,11,P17:WBS:49,P17:WBS:50,"WATER PRESSURE MAINS - House Connection Services (Refer MRC Std Dwg A3-00840) including supply and installation of 100 mm tapping band, main cock and poly pipe to property boundary - 32mm single (WATER METERS NOT INCLUDED - BY FUTURE OWNERS)",WATER PRESSURE MAINS - 32mm single under road including enveloper conduit (WATER METERS NOT INCLUDED - BY FUTURE OWNERS),DEP:84a4fdb0caafeed93d6a05b5,FS,0.0,none,source_reciprocal,wbs,not_sampled,"[{""evidence_id"": ""P17:E50:1"", ""source_file"": ""Primary Dataset/P038 - P17 Marina Sub-division.xlsx"", ""source_sheet"": ""Program Links"", ""source_cell"": ""E50"", ""source_field"": ""predecessors_raw"", ""stored_expression"": ""49"", ""interpreted_token"": ""49"", ""original_dependency_type"": ""FS"", ""dependency_type"": ""FS""}, {""evidence_id"": ""P17:F49:1"", ""source_file"": ""Primary Dataset/P038 - P17 Marina Sub-division.xlsx"", ""source_sheet"": ""Program Links"", ""source_cell"": ""F49"", ""source_field"": ""successors_raw"", ""stored_expression"": ""50"", ""interpreted_token"": ""50"", ""original_dependency_type"": ""FS"", ""dependency_type"": ""FS""}]"
P17:EXAMPLE,12,P17:WBS:50,P17:WBS:51,WATER PRESSURE MAINS - 32mm single under road including enveloper conduit (WATER METERS NOT INCLUDED - BY FUTURE OWNERS),WATER PRESSURE MAINS - 32mm dual (WATER METERS NOT INCLUDED - BY FUTURE OWNERS),DEP:02ff08f7acc39417279968fd,FS,0.0,none,source_reciprocal,wbs,not_sampled,"[{""evidence_id"": ""P17:E51:1"", ""source_file"": ""Primary Dataset/P038 - P17 Marina Sub-division.xlsx"", ""source_sheet"": ""Program Links"", ""source_cell"": ""E51"", ""source_field"": ""predecessors_raw"", ""stored_expression"": ""50"", ""interpreted_token"": ""50"", ""original_dependency_type"": ""FS"", ""dependency_type"": ""FS""}, {""evidence_id"": ""P17:F50:1"", ""source_file"": ""Primary Dataset/P038 - P17 Marina Sub-division.xlsx"", ""source_sheet"": ""Program Links"", ""source_cell"": ""F50"", ""source_field"": ""successors_raw"", ""stored_expression"": ""51"", ""interpreted_token"": ""51"", ""original_dependency_type"": ""FS"", ""dependency_type"": ""FS""}]"
P17:EXAMPLE,13,P17:WBS:51,P17:WBS:52,WATER PRESSURE MAINS - 32mm dual (WATER METERS NOT INCLUDED - BY FUTURE OWNERS),WATER PRESSURE MAINS - 32mm dual under road including enveloper conduit (WATER METERS NOT INCLUDED - BY FUTURE OWNERS),DEP:e3118ce7bc93d1993fc0cfb6,FS,0.0,none,source_reciprocal,wbs,pending,"[{""evidence_id"": ""P17:E52:1"", ""source_file"": ""Primary Dataset/P038 - P17 Marina Sub-division.xlsx"", ""source_sheet"": ""Program Links"", ""source_cell"": ""E52"", ""source_field"": ""predecessors_raw"", ""stored_expression"": ""51"", ""interpreted_token"": ""51"", ""original_dependency_type"": ""FS"", ""dependency_type"": ""FS""}, {""evidence_id"": ""P17:F51:1"", ""source_file"": ""Primary Dataset/P038 - P17 Marina Sub-division.xlsx"", ""source_sheet"": ""Program Links"", ""source_cell"": ""F51"", ""source_field"": ""successors_raw"", ""stored_expression"": ""52"", ""interpreted_token"": ""52"", ""original_dependency_type"": ""FS"", ""dependency_type"": ""FS""}]"
P17:EXAMPLE,14,P17:WBS:52,P17:WBS:53,WATER PRESSURE MAINS - 32mm dual under road including enveloper conduit (WATER METERS NOT INCLUDED - BY FUTURE OWNERS),"WATER PRESSURE MAINS - Excavate, lay, bed, joint and backfill OPVC pressure pipe, RRJ main and specials, including supply and installation of sand bedding to 150mm above top of pipe, installation of thrust blocks and disposal of spoil. (Type 1 construction, MRC Std Dwg A3-00835) - 100mm dia",DEP:47696027b18a4b38a9430fd6,FS,0.0,none,source_reciprocal,wbs,not_sampled,"[{""evidence_id"": ""P17:E53:1"", ""source_file"": ""Primary Dataset/P038 - P17 Marina Sub-division.xlsx"", ""source_sheet"": ""Program Links"", ""source_cell"": ""E53"", ""source_field"": ""predecessors_raw"", ""stored_expression"": ""52"", ""interpreted_token"": ""52"", ""original_dependency_type"": ""FS"", ""dependency_type"": ""FS""}, {""evidence_id"": ""P17:F52:1"", ""source_file"": ""Primary Dataset/P038 - P17 Marina Sub-division.xlsx"", ""source_sheet"": ""Program Links"", ""source_cell"": ""F52"", ""source_field"": ""successors_raw"", ""stored_expression"": ""53"", ""interpreted_token"": ""53"", ""original_dependency_type"": ""FS"", ""dependency_type"": ""FS""}]"
P17:EXAMPLE,15,P17:WBS:53,P17:WBS:111,"WATER PRESSURE MAINS - Excavate, lay, bed, joint and backfill OPVC pressure pipe, RRJ main and specials, including supply and installation of sand bedding to 150mm above top of pipe, installation of thrust blocks and disposal of spoil. (Type 1 construction, MRC Std Dwg A3-00835) - 100mm dia","Variation - Additional watermain, 50mm water meter & RPZ - installed at the Cove subdivision as directed by the Superintendent",DEP:e9221aea95019d018d6740f5,FF,0.0,none,source_reciprocal,wbs,not_sampled,"[{""evidence_id"": ""P17:E111:1"", ""source_file"": ""Primary Dataset/P038 - P17 Marina Sub-division.xlsx"", ""source_sheet"": ""Program Links"", ""source_cell"": ""E111"", ""source_field"": ""predecessors_raw"", ""stored_expression"": ""53FF"", ""interpreted_token"": ""53FF"", ""original_dependency_type"": ""FF"", ""dependency_type"": ""FF""}, {""evidence_id"": ""P17:F53:6"", ""source_file"": ""Primary Dataset/P038 - P17 Marina Sub-division.xlsx"", ""source_sheet"": ""Program Links"", ""source_cell"": ""F53"", ""source_field"": ""successors_raw"", ""stored_expression"": ""54,55FF,56FF,58FF,57,111FF"", ""interpreted_token"": ""111FF"", ""original_dependency_type"": ""FF"", ""dependency_type"": ""FF""}]"
P17:EXAMPLE,16,P17:WBS:111,P17:WBS:62,"Variation - Additional watermain, 50mm water meter & RPZ - installed at the Cove subdivision as directed by the Superintendent","PRESSURE SEWER SYSTEM - Supply and Delivery of uPVC sewer pipe, Class 16, complying with AS 1260, suitable for socket joints - 225mm dia.",DEP:9fc1563f8320f78c78fa40ff,FS,0.0,none,source_reciprocal,wbs,not_sampled,"[{""evidence_id"": ""P17:E62:2"", ""source_file"": ""Primary Dataset/P038 - P17 Marina Sub-division.xlsx"", ""source_sheet"": ""Program Links"", ""source_cell"": ""E62"", ""source_field"": ""predecessors_raw"", ""stored_expression"": ""61,111,58,56,55,54,48"", ""interpreted_token"": ""111"", ""original_dependency_type"": ""FS"", ""dependency_type"": ""FS""}, {""evidence_id"": ""P17:F111:1"", ""source_file"": ""Primary Dataset/P038 - P17 Marina Sub-division.xlsx"", ""source_sheet"": ""Program Links"", ""source_cell"": ""F111"", ""source_field"": ""successors_raw"", ""stored_expression"": ""62"", ""interpreted_token"": ""62"", ""original_dependency_type"": ""FS"", ""dependency_type"": ""FS""}]"
P17:EXAMPLE,17,P17:WBS:62,P17:WBS:63,"PRESSURE SEWER SYSTEM - Supply and Delivery of uPVC sewer pipe, Class 16, complying with AS 1260, suitable for socket joints - 225mm dia.","PRESSURE SEWER SYSTEM - Trench excavation in soil for 225mm dia. sewers, including excavation for manholes, jump ups, slope drops, vertical drops, backfilling, disposal of spoil and restoration. Depth Range 0.5-1.5m inclusive",DEP:db38f8768f3f04a8b79b1c92,FS,0.0,none,source_reciprocal,wbs,not_sampled,"[{""evidence_id"": ""P17:E63:1"", ""source_file"": ""Primary Dataset/P038 - P17 Marina Sub-division.xlsx"", ""source_sheet"": ""Program Links"", ""source_cell"": ""E63"", ""source_field"": ""predecessors_raw"", ""stored_expression"": ""62"", ""interpreted_token"": ""62"", ""original_dependency_type"": ""FS"", ""dependency_type"": ""FS""}, {""evidence_id"": ""P17:F62:1"", ""source_file"": ""Primary Dataset/P038 - P17 Marina Sub-division.xlsx"", ""source_sheet"": ""Program Links"", ""source_cell"": ""F62"", ""source_field"": ""successors_raw"", ""stored_expression"": ""63"", ""interpreted_token"": ""63"", ""original_dependency_type"": ""FS"", ""dependency_type"": ""FS""}]"
P17:EXAMPLE,18,P17:WBS:63,P17:WBS:64,"PRESSURE SEWER SYSTEM - Trench excavation in soil for 225mm dia. sewers, including excavation for manholes, jump ups, slope drops, vertical drops, backfilling, disposal of spoil and restoration. Depth Range 0.5-1.5m inclusive","PRESSURE SEWER SYSTEM - Lay, bed and joint sewer pipe including main and specials, supply and place sand bedding to 150mm above top of pipe (Type 1 construction, WRC Std drawing D-0030) and testing of finished pipeline, including CCTV Survey and Report. - 225mm dia.",DEP:8edc9c4a903364fd842fc6fa,FS,0.0,none,source_reciprocal,wbs,not_sampled,"[{""evidence_id"": ""P17:E64:1"", ""source_file"": ""Primary Dataset/P038 - P17 Marina Sub-division.xlsx"", ""source_sheet"": ""Program Links"", ""source_cell"": ""E64"", ""source_field"": ""predecessors_raw"", ""stored_expression"": ""63"", ""interpreted_token"": ""63"", ""original_dependency_type"": ""FS"", ""dependency_type"": ""FS""}, {""evidence_id"": ""P17:F63:1"", ""source_file"": ""Primary Dataset/P038 - P17 Marina Sub-division.xlsx"", ""source_sheet"": ""Program Links"", ""source_cell"": ""F63"", ""source_field"": ""successors_raw"", ""stored_expression"": ""64"", ""interpreted_token"": ""64"", ""original_dependency_type"": ""FS"", ""dependency_type"": ""FS""}]"
P17:EXAMPLE,19,P17:WBS:64,P17:WBS:67,"PRESSURE SEWER SYSTEM - Lay, bed and joint sewer pipe including main and specials, supply and place sand bedding to 150mm above top of pipe (Type 1 construction, WRC Std drawing D-0030) and testing of finished pipeline, including CCTV Survey and Report. - 225mm dia.",PRESSURE SEWER SYSTEM - Manhole House Connection Branches - 100mm dia. house connection extension to lot 23 (from existing manhole),DEP:6b0b5a986f7cf01430242d1a,FS,0.0,none,source_reciprocal,wbs,not_sampled,"[{""evidence_id"": ""P17:E67:1"", ""source_file"": ""Primary Dataset/P038 - P17 Marina Sub-division.xlsx"", ""source_sheet"": ""Program Links"", ""source_cell"": ""E67"", ""source_field"": ""predecessors_raw"", ""stored_expression"": ""64"", ""interpreted_token"": ""64"", ""original_dependency_type"": ""FS"", ""dependency_type"": ""FS""}, {""evidence_id"": ""P17:F64:3"", ""source_file"": ""Primary Dataset/P038 - P17 Marina Sub-division.xlsx"", ""source_sheet"": ""Program Links"", ""source_cell"": ""F64"", ""source_field"": ""successors_raw"", ""stored_expression"": ""65FF,66FF,67,72"", ""interpreted_token"": ""67"", ""original_dependency_type"": ""FS"", ""dependency_type"": ""FS""}]"
P17:EXAMPLE,20,P17:WBS:67,P17:WBS:73,PRESSURE SEWER SYSTEM - Manhole House Connection Branches - 100mm dia. house connection extension to lot 23 (from existing manhole),PRESSURE SEWER SYSTEM - Supply and installation of Aquatec Boundary Connection pits,DEP:f4ac8db880fc9e92744e8109,FS,0.0,none,source_reciprocal,wbs,not_sampled,"[{""evidence_id"": ""P17:E73:1"", ""source_file"": ""Primary Dataset/P038 - P17 Marina Sub-division.xlsx"", ""source_sheet"": ""Program Links"", ""source_cell"": ""E73"", ""source_field"": ""predecessors_raw"", ""stored_expression"": ""67,68,71"", ""interpreted_token"": ""67"", ""original_dependency_type"": ""FS"", ""dependency_type"": ""FS""}, {""evidence_id"": ""P17:F67:3"", ""source_file"": ""Primary Dataset/P038 - P17 Marina Sub-division.xlsx"", ""source_sheet"": ""Program Links"", ""source_cell"": ""F67"", ""source_field"": ""successors_raw"", ""stored_expression"": ""69FF,70FF,73"", ""interpreted_token"": ""73"", ""original_dependency_type"": ""FS"", ""dependency_type"": ""FS""}]"
P17:EXAMPLE,21,P17:WBS:73,P17:WBS:74,PRESSURE SEWER SYSTEM - Supply and installation of Aquatec Boundary Connection pits,PRESSURE SEWER SYSTEM - Supply and installation of Aquatec flushing point,DEP:7eb93cd897553ea1fcb9b18e,FF,0.0,none,source_reciprocal,wbs,not_sampled,"[{""evidence_id"": ""P17:E74:1"", ""source_file"": ""Primary Dataset/P038 - P17 Marina Sub-division.xlsx"", ""source_sheet"": ""Program Links"", ""source_cell"": ""E74"", ""source_field"": ""predecessors_raw"", ""stored_expression"": ""73FF"", ""interpreted_token"": ""73FF"", ""original_dependency_type"": ""FF"", ""dependency_type"": ""FF""}, {""evidence_id"": ""P17:F73:1"", ""source_file"": ""Primary Dataset/P038 - P17 Marina Sub-division.xlsx"", ""source_sheet"": ""Program Links"", ""source_cell"": ""F73"", ""source_field"": ""successors_raw"", ""stored_expression"": ""74FF"", ""interpreted_token"": ""74FF"", ""original_dependency_type"": ""FF"", ""dependency_type"": ""FF""}]"
P17:EXAMPLE,22,P17:WBS:74,P17:WBS:75,PRESSURE SEWER SYSTEM - Supply and installation of Aquatec flushing point,PRESSURE SEWER SYSTEM - Supply and installation of Aquatec isolation valves,DEP:57e2b3d4e525550d3664a1b0,FF,0.0,none,source_reciprocal,wbs,not_sampled,"[{""evidence_id"": ""P17:E75:1"", ""source_file"": ""Primary Dataset/P038 - P17 Marina Sub-division.xlsx"", ""source_sheet"": ""Program Links"", ""source_cell"": ""E75"", ""source_field"": ""predecessors_raw"", ""stored_expression"": ""74FF"", ""interpreted_token"": ""74FF"", ""original_dependency_type"": ""FF"", ""dependency_type"": ""FF""}, {""evidence_id"": ""P17:F74:1"", ""source_file"": ""Primary Dataset/P038 - P17 Marina Sub-division.xlsx"", ""source_sheet"": ""Program Links"", ""source_cell"": ""F74"", ""source_field"": ""successors_raw"", ""stored_expression"": ""75FF"", ""interpreted_token"": ""75FF"", ""original_dependency_type"": ""FF"", ""dependency_type"": ""FF""}]"
P17:EXAMPLE,23,P17:WBS:75,P17:WBS:78,PRESSURE SEWER SYSTEM - Supply and installation of Aquatec isolation valves,"PRESSURE SEWER SYSTEM - Demolish existing sewer manhole and connect to existing 225 diameter sewer main, incl. liaison with Council and plugging of downstream manhole",DEP:e3a7f99a1de878f54f954ec8,FS,0.0,none,source_reciprocal,wbs,not_sampled,"[{""evidence_id"": ""P17:E78:1"", ""source_file"": ""Primary Dataset/P038 - P17 Marina Sub-division.xlsx"", ""source_sheet"": ""Program Links"", ""source_cell"": ""E78"", ""source_field"": ""predecessors_raw"", ""stored_expression"": ""75"", ""interpreted_token"": ""75"", ""original_dependency_type"": ""FS"", ""dependency_type"": ""FS""}, {""evidence_id"": ""P17:F75:1"", ""source_file"": ""Primary Dataset/P038 - P17 Marina Sub-division.xlsx"", ""source_sheet"": ""Program Links"", ""source_cell"": ""F75"", ""source_field"": ""successors_raw"", ""stored_expression"": ""78"", ""interpreted_token"": ""78"", ""original_dependency_type"": ""FS"", ""dependency_type"": ""FS""}]"
P18:EXAMPLE,1,P18:WBS:1,P18:WBS:11,HSC 14/12 REHABILITATION OF MULTIPLE ROADS AND STREETS,"Survey of existing road formation, delineation, road furniture and culverts prior to works, to provide locality, geometry and detail for reconstruction",DEP:f363a6276b5d02d347ed6797,FS,0.0,none,source_reciprocal,worksheet_row_minus_one,not_sampled,"[{""evidence_id"": ""P18:D12:1"", ""source_file"": ""Primary Dataset/P039 - P18 Rural Road Repairs.xlsx"", ""source_sheet"": ""Program Links"", ""source_cell"": ""D12"", ""source_field"": ""predecessors_raw"", ""stored_expression"": ""1,7"", ""interpreted_token"": ""1"", ""original_dependency_type"": ""FS"", ""dependency_type"": ""FS""}, {""evidence_id"": ""P18:E2:6"", ""source_file"": ""Primary Dataset/P039 - P18 Rural Road Repairs.xlsx"", ""source_sheet"": ""Program Links"", ""source_cell"": ""E2"", ""source_field"": ""successors_raw"", ""stored_expression"": ""3,5,7,9,10,11"", ""interpreted_token"": ""11"", ""original_dependency_type"": ""FS"", ""dependency_type"": ""FS""}]"
P18:EXAMPLE,2,P18:WBS:11,P18:WBS:22,"Survey of existing road formation, delineation, road furniture and culverts prior to works, to provide locality, geometry and detail for reconstruction",Wallaman Falls Road,DEP:2f01be30b1be1c08320913b6,FS,0.0,none,source_reciprocal,worksheet_row_minus_one,not_sampled,"[{""evidence_id"": ""P18:D23:1"", ""source_file"": ""Primary Dataset/P039 - P18 Rural Road Repairs.xlsx"", ""source_sheet"": ""Program Links"", ""source_cell"": ""D23"", ""source_field"": ""predecessors_raw"", ""stored_expression"": ""11,13"", ""interpreted_token"": ""11"", ""original_dependency_type"": ""FS"", ""dependency_type"": ""FS""}, {""evidence_id"": ""P18:E12:2"", ""source_file"": ""Primary Dataset/P039 - P18 Rural Road Repairs.xlsx"", ""source_sheet"": ""Program Links"", ""source_cell"": ""E12"", ""source_field"": ""successors_raw"", ""stored_expression"": ""13,22"", ""interpreted_token"": ""22"", ""original_dependency_type"": ""FS"", ""dependency_type"": ""FS""}]"
P18:EXAMPLE,3,P18:WBS:22,P18:WBS:42,Wallaman Falls Road,Wallaman Falls Road,DEP:fcee333b014f3edab12f787d,FS,0.0,none,source_reciprocal,worksheet_row_minus_one,not_sampled,"[{""evidence_id"": ""P18:D43:1"", ""source_file"": ""Primary Dataset/P039 - P18 Rural Road Repairs.xlsx"", ""source_sheet"": ""Program Links"", ""source_cell"": ""D43"", ""source_field"": ""predecessors_raw"", ""stored_expression"": ""22"", ""interpreted_token"": ""22"", ""original_dependency_type"": ""FS"", ""dependency_type"": ""FS""}, {""evidence_id"": ""P18:E23:1"", ""source_file"": ""Primary Dataset/P039 - P18 Rural Road Repairs.xlsx"", ""source_sheet"": ""Program Links"", ""source_cell"": ""E23"", ""source_field"": ""successors_raw"", ""stored_expression"": ""42,54"", ""interpreted_token"": ""42"", ""original_dependency_type"": ""FS"", ""dependency_type"": ""FS""}]"
P18:EXAMPLE,4,P18:WBS:42,P18:WBS:57.08,Wallaman Falls Road,Wallaman Falls Road,DEP:81bac49e84fc17816aa029b1,FS,0.0,none,source_reciprocal,worksheet_row_minus_one,not_sampled,"[{""evidence_id"": ""P18:D66:1"", ""source_file"": ""Primary Dataset/P039 - P18 Rural Road Repairs.xlsx"", ""source_sheet"": ""Program Links"", ""source_cell"": ""D66"", ""source_field"": ""predecessors_raw"", ""stored_expression"": ""42"", ""interpreted_token"": ""42"", ""original_dependency_type"": ""FS"", ""dependency_type"": ""FS""}, {""evidence_id"": ""P18:E43:1"", ""source_file"": ""Primary Dataset/P039 - P18 Rural Road Repairs.xlsx"", ""source_sheet"": ""Program Links"", ""source_cell"": ""E43"", ""source_field"": ""successors_raw"", ""stored_expression"": ""65"", ""interpreted_token"": ""65"", ""original_dependency_type"": ""FS"", ""dependency_type"": ""FS""}]"
P18:EXAMPLE,5,P18:WBS:57.08,P18:WBS:85.08,Wallaman Falls Road,Wallaman Falls Road,DEP:74c9384696e5918948b5993d,FS,0.0,none,source_reciprocal,worksheet_row_minus_one,not_sampled,"[{""evidence_id"": ""P18:D133:1"", ""source_file"": ""Primary Dataset/P039 - P18 Rural Road Repairs.xlsx"", ""source_sheet"": ""Program Links"", ""source_cell"": ""D133"", ""source_field"": ""predecessors_raw"", ""stored_expression"": ""65"", ""interpreted_token"": ""65"", ""original_dependency_type"": ""FS"", ""dependency_type"": ""FS""}, {""evidence_id"": ""P18:E66:1"", ""source_file"": ""Primary Dataset/P039 - P18 Rural Road Repairs.xlsx"", ""source_sheet"": ""Program Links"", ""source_cell"": ""E66"", ""source_field"": ""successors_raw"", ""stored_expression"": ""132,49SS"", ""interpreted_token"": ""132"", ""original_dependency_type"": ""FS"", ""dependency_type"": ""FS""}]"
P18:EXAMPLE,6,P18:WBS:85.08,P18:WBS:82.08,Wallaman Falls Road,Wallaman Falls Road,DEP:a850e0b65812c128ecb6d402,FS,0.0,none,source_reciprocal,worksheet_row_minus_one,not_sampled,"[{""evidence_id"": ""P18:D117:1"", ""source_file"": ""Primary Dataset/P039 - P18 Rural Road Repairs.xlsx"", ""source_sheet"": ""Program Links"", ""source_cell"": ""D117"", ""source_field"": ""predecessors_raw"", ""stored_expression"": ""132"", ""interpreted_token"": ""132"", ""original_dependency_type"": ""FS"", ""dependency_type"": ""FS""}, {""evidence_id"": ""P18:E133:1"", ""source_file"": ""Primary Dataset/P039 - P18 Rural Road Repairs.xlsx"", ""source_sheet"": ""Program Links"", ""source_cell"": ""E133"", ""source_field"": ""successors_raw"", ""stored_expression"": ""116,123SS,140,201"", ""interpreted_token"": ""116"", ""original_dependency_type"": ""FS"", ""dependency_type"": ""FS""}]"
P18:EXAMPLE,7,P18:WBS:82.08,P18:WBS:79.08,Wallaman Falls Road,Wallaman Falls Road,DEP:ef6e043a1bd49da344a50f81,FS,0.0,none,source_reciprocal,worksheet_row_minus_one,not_sampled,"[{""evidence_id"": ""P18:D101:1"", ""source_file"": ""Primary Dataset/P039 - P18 Rural Road Repairs.xlsx"", ""source_sheet"": ""Program Links"", ""source_cell"": ""D101"", ""source_field"": ""predecessors_raw"", ""stored_expression"": ""116"", ""interpreted_token"": ""116"", ""original_dependency_type"": ""FS"", ""dependency_type"": ""FS""}, {""evidence_id"": ""P18:E117:1"", ""source_file"": ""Primary Dataset/P039 - P18 Rural Road Repairs.xlsx"", ""source_sheet"": ""Program Links"", ""source_cell"": ""E117"", ""source_field"": ""successors_raw"", ""stored_expression"": ""100,107SS"", ""interpreted_token"": ""100"", ""original_dependency_type"": ""FS"", ""dependency_type"": ""FS""}]"
P18:EXAMPLE,8,P18:WBS:79.08,P18:WBS:27,Wallaman Falls Road,Lannercost Extension Road,DEP:cae39e0b2261db60d77fea3a,FS,0.0,none,source_reciprocal,worksheet_row_minus_one,not_sampled,"[{""evidence_id"": ""P18:D28:1"", ""source_file"": ""Primary Dataset/P039 - P18 Rural Road Repairs.xlsx"", ""source_sheet"": ""Program Links"", ""source_cell"": ""D28"", ""source_field"": ""predecessors_raw"", ""stored_expression"": ""100"", ""interpreted_token"": ""100"", ""original_dependency_type"": ""FS"", ""dependency_type"": ""FS""}, {""evidence_id"": ""P18:E101:2"", ""source_file"": ""Primary Dataset/P039 - P18 Rural Road Repairs.xlsx"", ""source_sheet"": ""Program Links"", ""source_cell"": ""E101"", ""source_field"": ""successors_raw"", ""stored_expression"": ""153,27,91"", ""interpreted_token"": ""27"", ""original_dependency_type"": ""FS"", ""dependency_type"": ""FS""}]"
P18:EXAMPLE,9,P18:WBS:27,P18:WBS:47,Lannercost Extension Road,Lannercost Extension Road,DEP:fd98b8ad95ebb71a598a613f,FS,0.0,none,source_reciprocal,worksheet_row_minus_one,not_sampled,"[{""evidence_id"": ""P18:D48:1"", ""source_file"": ""Primary Dataset/P039 - P18 Rural Road Repairs.xlsx"", ""source_sheet"": ""Program Links"", ""source_cell"": ""D48"", ""source_field"": ""predecessors_raw"", ""stored_expression"": ""27"", ""interpreted_token"": ""27"", ""original_dependency_type"": ""FS"", ""dependency_type"": ""FS""}, {""evidence_id"": ""P18:E28:1"", ""source_file"": ""Primary Dataset/P039 - P18 Rural Road Repairs.xlsx"", ""source_sheet"": ""Program Links"", ""source_cell"": ""E28"", ""source_field"": ""successors_raw"", ""stored_expression"": ""47"", ""interpreted_token"": ""47"", ""original_dependency_type"": ""FS"", ""dependency_type"": ""FS""}]"
P18:EXAMPLE,10,P18:WBS:47,P18:WBS:57.13,Lannercost Extension Road,Lannercost Extension Road,DEP:06cb3635585ce6f01ab6be6b,FS,0.0,none,source_reciprocal,worksheet_row_minus_one,not_sampled,"[{""evidence_id"": ""P18:D71:1"", ""source_file"": ""Primary Dataset/P039 - P18 Rural Road Repairs.xlsx"", ""source_sheet"": ""Program Links"", ""source_cell"": ""D71"", ""source_field"": ""predecessors_raw"", ""stored_expression"": ""47"", ""interpreted_token"": ""47"", ""original_dependency_type"": ""FS"", ""dependency_type"": ""FS""}, {""evidence_id"": ""P18:E48:1"", ""source_file"": ""Primary Dataset/P039 - P18 Rural Road Repairs.xlsx"", ""source_sheet"": ""Program Links"", ""source_cell"": ""E48"", ""source_field"": ""successors_raw"", ""stored_expression"": ""70"", ""interpreted_token"": ""70"", ""original_dependency_type"": ""FS"", ""dependency_type"": ""FS""}]"
P18:EXAMPLE,11,P18:WBS:57.13,P18:WBS:85.13,Lannercost Extension Road,Lannercost Extension Road,DEP:6ce45fad0a14eeeac5dea759,FS,0.0,none,source_reciprocal,worksheet_row_minus_one,not_sampled,"[{""evidence_id"": ""P18:D138:1"", ""source_file"": ""Primary Dataset/P039 - P18 Rural Road Repairs.xlsx"", ""source_sheet"": ""Program Links"", ""source_cell"": ""D138"", ""source_field"": ""predecessors_raw"", ""stored_expression"": ""70"", ""interpreted_token"": ""70"", ""original_dependency_type"": ""FS"", ""dependency_type"": ""FS""}, {""evidence_id"": ""P18:E71:1"", ""source_file"": ""Primary Dataset/P039 - P18 Rural Road Repairs.xlsx"", ""source_sheet"": ""Program Links"", ""source_cell"": ""E71"", ""source_field"": ""successors_raw"", ""stored_expression"": ""137"", ""interpreted_token"": ""137"", ""original_dependency_type"": ""FS"", ""dependency_type"": ""FS""}]"
P18:EXAMPLE,12,P18:WBS:85.13,P18:WBS:82.13,Lannercost Extension Road,Lannercost Extension Road,DEP:26609051cd5d536f5e9396f2,FS,0.0,none,source_reciprocal,worksheet_row_minus_one,not_sampled,"[{""evidence_id"": ""P18:D122:1"", ""source_file"": ""Primary Dataset/P039 - P18 Rural Road Repairs.xlsx"", ""source_sheet"": ""Program Links"", ""source_cell"": ""D122"", ""source_field"": ""predecessors_raw"", ""stored_expression"": ""137"", ""interpreted_token"": ""137"", ""original_dependency_type"": ""FS"", ""dependency_type"": ""FS""}, {""evidence_id"": ""P18:E138:1"", ""source_file"": ""Primary Dataset/P039 - P18 Rural Road Repairs.xlsx"", ""source_sheet"": ""Program Links"", ""source_cell"": ""E138"", ""source_field"": ""successors_raw"", ""stored_expression"": ""121"", ""interpreted_token"": ""121"", ""original_dependency_type"": ""FS"", ""dependency_type"": ""FS""}]"
P18:EXAMPLE,13,P18:WBS:82.13,P18:WBS:79.13,Lannercost Extension Road,Lannercost Extension Road,DEP:91407cc5dcf125e00b55f1b4,FS,0.0,none,source_reciprocal,worksheet_row_minus_one,not_sampled,"[{""evidence_id"": ""P18:D106:1"", ""source_file"": ""Primary Dataset/P039 - P18 Rural Road Repairs.xlsx"", ""source_sheet"": ""Program Links"", ""source_cell"": ""D106"", ""source_field"": ""predecessors_raw"", ""stored_expression"": ""121"", ""interpreted_token"": ""121"", ""original_dependency_type"": ""FS"", ""dependency_type"": ""FS""}, {""evidence_id"": ""P18:E122:1"", ""source_file"": ""Primary Dataset/P039 - P18 Rural Road Repairs.xlsx"", ""source_sheet"": ""Program Links"", ""source_cell"": ""E122"", ""source_field"": ""successors_raw"", ""stored_expression"": ""105"", ""interpreted_token"": ""105"", ""original_dependency_type"": ""FS"", ""dependency_type"": ""FS""}]"
P18:EXAMPLE,14,P18:WBS:79.13,P18:WBS:16,Lannercost Extension Road,Barberos Road,DEP:f27ce5cc2ce884b7b2a366d3,FS,0.0,none,source_reciprocal,worksheet_row_minus_one,not_sampled,"[{""evidence_id"": ""P18:D17:1"", ""source_file"": ""Primary Dataset/P039 - P18 Rural Road Repairs.xlsx"", ""source_sheet"": ""Program Links"", ""source_cell"": ""D17"", ""source_field"": ""predecessors_raw"", ""stored_expression"": ""105"", ""interpreted_token"": ""105"", ""original_dependency_type"": ""FS"", ""dependency_type"": ""FS""}, {""evidence_id"": ""P18:E106:2"", ""source_file"": ""Primary Dataset/P039 - P18 Rural Road Repairs.xlsx"", ""source_sheet"": ""Program Links"", ""source_cell"": ""E106"", ""source_field"": ""successors_raw"", ""stored_expression"": ""158,16"", ""interpreted_token"": ""16"", ""original_dependency_type"": ""FS"", ""dependency_type"": ""FS""}]"
P18:EXAMPLE,15,P18:WBS:16,P18:WBS:36,Barberos Road,Barberos Road,DEP:d6c944167a95cedbb3d7f866,FS,0.0,none,source_reciprocal,worksheet_row_minus_one,pending,"[{""evidence_id"": ""P18:D37:1"", ""source_file"": ""Primary Dataset/P039 - P18 Rural Road Repairs.xlsx"", ""source_sheet"": ""Program Links"", ""source_cell"": ""D37"", ""source_field"": ""predecessors_raw"", ""stored_expression"": ""16"", ""interpreted_token"": ""16"", ""original_dependency_type"": ""FS"", ""dependency_type"": ""FS""}, {""evidence_id"": ""P18:E17:1"", ""source_file"": ""Primary Dataset/P039 - P18 Rural Road Repairs.xlsx"", ""source_sheet"": ""Program Links"", ""source_cell"": ""E17"", ""source_field"": ""successors_raw"", ""stored_expression"": ""36"", ""interpreted_token"": ""36"", ""original_dependency_type"": ""FS"", ""dependency_type"": ""FS""}]"
P18:EXAMPLE,16,P18:WBS:36,P18:WBS:57.02,Barberos Road,Barberos Road,DEP:f26a95878971ec800dccefb7,FS,0.0,none,source_reciprocal,worksheet_row_minus_one,not_sampled,"[{""evidence_id"": ""P18:D60:1"", ""source_file"": ""Primary Dataset/P039 - P18 Rural Road Repairs.xlsx"", ""source_sheet"": ""Program Links"", ""source_cell"": ""D60"", ""source_field"": ""predecessors_raw"", ""stored_expression"": ""36"", ""interpreted_token"": ""36"", ""original_dependency_type"": ""FS"", ""dependency_type"": ""FS""}, {""evidence_id"": ""P18:E37:1"", ""source_file"": ""Primary Dataset/P039 - P18 Rural Road Repairs.xlsx"", ""source_sheet"": ""Program Links"", ""source_cell"": ""E37"", ""source_field"": ""successors_raw"", ""stored_expression"": ""59"", ""interpreted_token"": ""59"", ""original_dependency_type"": ""FS"", ""dependency_type"": ""FS""}]"
P18:EXAMPLE,17,P18:WBS:57.02,P18:WBS:85.02,Barberos Road,Barberos Road,DEP:eccc8d292226cd53dd7c6478,FS,0.0,none,source_reciprocal,worksheet_row_minus_one,not_sampled,"[{""evidence_id"": ""P18:D127:1"", ""source_file"": ""Primary Dataset/P039 - P18 Rural Road Repairs.xlsx"", ""source_sheet"": ""Program Links"", ""source_cell"": ""D127"", ""source_field"": ""predecessors_raw"", ""stored_expression"": ""59"", ""interpreted_token"": ""59"", ""original_dependency_type"": ""FS"", ""dependency_type"": ""FS""}, {""evidence_id"": ""P18:E60:1"", ""source_file"": ""Primary Dataset/P039 - P18 Rural Road Repairs.xlsx"", ""source_sheet"": ""Program Links"", ""source_cell"": ""E60"", ""source_field"": ""successors_raw"", ""stored_expression"": ""126"", ""interpreted_token"": ""126"", ""original_dependency_type"": ""FS"", ""dependency_type"": ""FS""}]"
P18:EXAMPLE,18,P18:WBS:85.02,P18:WBS:82.02,Barberos Road,Barberos Road,DEP:43d567ba9d080782b2dbc2ab,FS,0.0,none,source_reciprocal,worksheet_row_minus_one,not_sampled,"[{""evidence_id"": ""P18:D111:1"", ""source_file"": ""Primary Dataset/P039 - P18 Rural Road Repairs.xlsx"", ""source_sheet"": ""Program Links"", ""source_cell"": ""D111"", ""source_field"": ""predecessors_raw"", ""stored_expression"": ""126"", ""interpreted_token"": ""126"", ""original_dependency_type"": ""FS"", ""dependency_type"": ""FS""}, {""evidence_id"": ""P18:E127:1"", ""source_file"": ""Primary Dataset/P039 - P18 Rural Road Repairs.xlsx"", ""source_sheet"": ""Program Links"", ""source_cell"": ""E127"", ""source_field"": ""successors_raw"", ""stored_expression"": ""110"", ""interpreted_token"": ""110"", ""original_dependency_type"": ""FS"", ""dependency_type"": ""FS""}]"
P18:EXAMPLE,19,P18:WBS:82.02,P18:WBS:79.02,Barberos Road,Barberos Road,DEP:f1d0e4caecf07d4e4c45f53d,FS,0.0,none,source_reciprocal,worksheet_row_minus_one,not_sampled,"[{""evidence_id"": ""P18:D95:1"", ""source_file"": ""Primary Dataset/P039 - P18 Rural Road Repairs.xlsx"", ""source_sheet"": ""Program Links"", ""source_cell"": ""D95"", ""source_field"": ""predecessors_raw"", ""stored_expression"": ""110"", ""interpreted_token"": ""110"", ""original_dependency_type"": ""FS"", ""dependency_type"": ""FS""}, {""evidence_id"": ""P18:E111:1"", ""source_file"": ""Primary Dataset/P039 - P18 Rural Road Repairs.xlsx"", ""source_sheet"": ""Program Links"", ""source_cell"": ""E111"", ""source_field"": ""successors_raw"", ""stored_expression"": ""94"", ""interpreted_token"": ""94"", ""original_dependency_type"": ""FS"", ""dependency_type"": ""FS""}]"
P18:EXAMPLE,20,P18:WBS:79.02,P18:WBS:17,Barberos Road,Burke Offset Road,DEP:5e50db6988e771fbb3c10745,FS,0.0,none,source_reciprocal,worksheet_row_minus_one,not_sampled,"[{""evidence_id"": ""P18:D18:1"", ""source_file"": ""Primary Dataset/P039 - P18 Rural Road Repairs.xlsx"", ""source_sheet"": ""Program Links"", ""source_cell"": ""D18"", ""source_field"": ""predecessors_raw"", ""stored_expression"": ""94"", ""interpreted_token"": ""94"", ""original_dependency_type"": ""FS"", ""dependency_type"": ""FS""}, {""evidence_id"": ""P18:E95:3"", ""source_file"": ""Primary Dataset/P039 - P18 Rural Road Repairs.xlsx"", ""source_sheet"": ""Program Links"", ""source_cell"": ""E95"", ""source_field"": ""successors_raw"", ""stored_expression"": ""147,175,17"", ""interpreted_token"": ""17"", ""original_dependency_type"": ""FS"", ""dependency_type"": ""FS""}]"
P18:EXAMPLE,21,P18:WBS:17,P18:WBS:37,Burke Offset Road,Burke Offset Road,DEP:abce76de32b1b9dc42eee365,FS,0.0,none,source_reciprocal,worksheet_row_minus_one,not_sampled,"[{""evidence_id"": ""P18:D38:1"", ""source_file"": ""Primary Dataset/P039 - P18 Rural Road Repairs.xlsx"", ""source_sheet"": ""Program Links"", ""source_cell"": ""D38"", ""source_field"": ""predecessors_raw"", ""stored_expression"": ""17"", ""interpreted_token"": ""17"", ""original_dependency_type"": ""FS"", ""dependency_type"": ""FS""}, {""evidence_id"": ""P18:E18:1"", ""source_file"": ""Primary Dataset/P039 - P18 Rural Road Repairs.xlsx"", ""source_sheet"": ""Program Links"", ""source_cell"": ""E18"", ""source_field"": ""successors_raw"", ""stored_expression"": ""37"", ""interpreted_token"": ""37"", ""original_dependency_type"": ""FS"", ""dependency_type"": ""FS""}]"
P18:EXAMPLE,22,P18:WBS:37,P18:WBS:57.03,Burke Offset Road,Burke Offset Road,DEP:6277837bab098410f5b121f7,FS,0.0,none,source_reciprocal,worksheet_row_minus_one,not_sampled,"[{""evidence_id"": ""P18:D61:1"", ""source_file"": ""Primary Dataset/P039 - P18 Rural Road Repairs.xlsx"", ""source_sheet"": ""Program Links"", ""source_cell"": ""D61"", ""source_field"": ""predecessors_raw"", ""stored_expression"": ""37"", ""interpreted_token"": ""37"", ""original_dependency_type"": ""FS"", ""dependency_type"": ""FS""}, {""evidence_id"": ""P18:E38:1"", ""source_file"": ""Primary Dataset/P039 - P18 Rural Road Repairs.xlsx"", ""source_sheet"": ""Program Links"", ""source_cell"": ""E38"", ""source_field"": ""successors_raw"", ""stored_expression"": ""60"", ""interpreted_token"": ""60"", ""original_dependency_type"": ""FS"", ""dependency_type"": ""FS""}]"
P18:EXAMPLE,23,P18:WBS:57.03,P18:WBS:85.03,Burke Offset Road,Burke Offset Road,DEP:f7672483c05edad153ba4911,FS,0.0,none,source_reciprocal,worksheet_row_minus_one,not_sampled,"[{""evidence_id"": ""P18:D128:1"", ""source_file"": ""Primary Dataset/P039 - P18 Rural Road Repairs.xlsx"", ""source_sheet"": ""Program Links"", ""source_cell"": ""D128"", ""source_field"": ""predecessors_raw"", ""stored_expression"": ""60"", ""interpreted_token"": ""60"", ""original_dependency_type"": ""FS"", ""dependency_type"": ""FS""}, {""evidence_id"": ""P18:E61:1"", ""source_file"": ""Primary Dataset/P039 - P18 Rural Road Repairs.xlsx"", ""source_sheet"": ""Program Links"", ""source_cell"": ""E61"", ""source_field"": ""successors_raw"", ""stored_expression"": ""127"", ""interpreted_token"": ""127"", ""original_dependency_type"": ""FS"", ""dependency_type"": ""FS""}]"
P18:EXAMPLE,24,P18:WBS:85.03,P18:WBS:82.03,Burke Offset Road,Burke Offset Road,DEP:ed1e3e7ffe2a8e51379c545a,FS,0.0,none,source_reciprocal,worksheet_row_minus_one,not_sampled,"[{""evidence_id"": ""P18:D112:1"", ""source_file"": ""Primary Dataset/P039 - P18 Rural Road Repairs.xlsx"", ""source_sheet"": ""Program Links"", ""source_cell"": ""D112"", ""source_field"": ""predecessors_raw"", ""stored_expression"": ""127"", ""interpreted_token"": ""127"", ""original_dependency_type"": ""FS"", ""dependency_type"": ""FS""}, {""evidence_id"": ""P18:E128:1"", ""source_file"": ""Primary Dataset/P039 - P18 Rural Road Repairs.xlsx"", ""source_sheet"": ""Program Links"", ""source_cell"": ""E128"", ""source_field"": ""successors_raw"", ""stored_expression"": ""111"", ""interpreted_token"": ""111"", ""original_dependency_type"": ""FS"", ""dependency_type"": ""FS""}]"
P18:EXAMPLE,25,P18:WBS:82.03,P18:WBS:79.03,Burke Offset Road,Burke Offset Road,DEP:969d7386d62eafd5168a5820,FS,0.0,none,source_reciprocal,worksheet_row_minus_one,not_sampled,"[{""evidence_id"": ""P18:D96:1"", ""source_file"": ""Primary Dataset/P039 - P18 Rural Road Repairs.xlsx"", ""source_sheet"": ""Program Links"", ""source_cell"": ""D96"", ""source_field"": ""predecessors_raw"", ""stored_expression"": ""111"", ""interpreted_token"": ""111"", ""original_dependency_type"": ""FS"", ""dependency_type"": ""FS""}, {""evidence_id"": ""P18:E112:1"", ""source_file"": ""Primary Dataset/P039 - P18 Rural Road Repairs.xlsx"", ""source_sheet"": ""Program Links"", ""source_cell"": ""E112"", ""source_field"": ""successors_raw"", ""stored_expression"": ""95"", ""interpreted_token"": ""95"", ""original_dependency_type"": ""FS"", ""dependency_type"": ""FS""}]"
P18:EXAMPLE,26,P18:WBS:79.03,P18:WBS:18,Burke Offset Road,Fabris Road,DEP:4b7a4e574ecfcb6ad41477f5,FS,0.0,none,source_reciprocal,worksheet_row_minus_one,not_sampled,"[{""evidence_id"": ""P18:D19:1"", ""source_file"": ""Primary Dataset/P039 - P18 Rural Road Repairs.xlsx"", ""source_sheet"": ""Program Links"", ""source_cell"": ""D19"", ""source_field"": ""predecessors_raw"", ""stored_expression"": ""95"", ""interpreted_token"": ""95"", ""original_dependency_type"": ""FS"", ""dependency_type"": ""FS""}, {""evidence_id"": ""P18:E96:2"", ""source_file"": ""Primary Dataset/P039 - P18 Rural Road Repairs.xlsx"", ""source_sheet"": ""Program Links"", ""source_cell"": ""E96"", ""source_field"": ""successors_raw"", ""stored_expression"": ""148,18"", ""interpreted_token"": ""18"", ""original_dependency_type"": ""FS"", ""dependency_type"": ""FS""}]"
P18:EXAMPLE,27,P18:WBS:18,P18:WBS:38,Fabris Road,Fabris Road,DEP:35a223e370332f5a0b051652,FS,0.0,none,source_reciprocal,worksheet_row_minus_one,not_sampled,"[{""evidence_id"": ""P18:D39:1"", ""source_file"": ""Primary Dataset/P039 - P18 Rural Road Repairs.xlsx"", ""source_sheet"": ""Program Links"", ""source_cell"": ""D39"", ""source_field"": ""predecessors_raw"", ""stored_expression"": ""18"", ""interpreted_token"": ""18"", ""original_dependency_type"": ""FS"", ""dependency_type"": ""FS""}, {""evidence_id"": ""P18:E19:1"", ""source_file"": ""Primary Dataset/P039 - P18 Rural Road Repairs.xlsx"", ""source_sheet"": ""Program Links"", ""source_cell"": ""E19"", ""source_field"": ""successors_raw"", ""stored_expression"": ""38"", ""interpreted_token"": ""38"", ""original_dependency_type"": ""FS"", ""dependency_type"": ""FS""}]"
P18:EXAMPLE,28,P18:WBS:38,P18:WBS:57.04,Fabris Road,Fabris Road,DEP:02d3928a83229a4760620f22,FS,0.0,none,source_reciprocal,worksheet_row_minus_one,not_sampled,"[{""evidence_id"": ""P18:D62:1"", ""source_file"": ""Primary Dataset/P039 - P18 Rural Road Repairs.xlsx"", ""source_sheet"": ""Program Links"", ""source_cell"": ""D62"", ""source_field"": ""predecessors_raw"", ""stored_expression"": ""38"", ""interpreted_token"": ""38"", ""original_dependency_type"": ""FS"", ""dependency_type"": ""FS""}, {""evidence_id"": ""P18:E39:1"", ""source_file"": ""Primary Dataset/P039 - P18 Rural Road Repairs.xlsx"", ""source_sheet"": ""Program Links"", ""source_cell"": ""E39"", ""source_field"": ""successors_raw"", ""stored_expression"": ""61"", ""interpreted_token"": ""61"", ""original_dependency_type"": ""FS"", ""dependency_type"": ""FS""}]"
P18:EXAMPLE,29,P18:WBS:57.04,P18:WBS:85.04,Fabris Road,Fabris Road,DEP:057aabbe75504d9f59958aad,FS,0.0,none,source_reciprocal,worksheet_row_minus_one,not_sampled,"[{""evidence_id"": ""P18:D129:1"", ""source_file"": ""Primary Dataset/P039 - P18 Rural Road Repairs.xlsx"", ""source_sheet"": ""Program Links"", ""source_cell"": ""D129"", ""source_field"": ""predecessors_raw"", ""stored_expression"": ""61"", ""interpreted_token"": ""61"", ""original_dependency_type"": ""FS"", ""dependency_type"": ""FS""}, {""evidence_id"": ""P18:E62:1"", ""source_file"": ""Primary Dataset/P039 - P18 Rural Road Repairs.xlsx"", ""source_sheet"": ""Program Links"", ""source_cell"": ""E62"", ""source_field"": ""successors_raw"", ""stored_expression"": ""128"", ""interpreted_token"": ""128"", ""original_dependency_type"": ""FS"", ""dependency_type"": ""FS""}]"
P18:EXAMPLE,30,P18:WBS:85.04,P18:WBS:82.04,Fabris Road,Fabris Road,DEP:5ec28ca7149cfe32b9d52769,FS,0.0,none,source_reciprocal,worksheet_row_minus_one,not_sampled,"[{""evidence_id"": ""P18:D113:1"", ""source_file"": ""Primary Dataset/P039 - P18 Rural Road Repairs.xlsx"", ""source_sheet"": ""Program Links"", ""source_cell"": ""D113"", ""source_field"": ""predecessors_raw"", ""stored_expression"": ""128"", ""interpreted_token"": ""128"", ""original_dependency_type"": ""FS"", ""dependency_type"": ""FS""}, {""evidence_id"": ""P18:E129:1"", ""source_file"": ""Primary Dataset/P039 - P18 Rural Road Repairs.xlsx"", ""source_sheet"": ""Program Links"", ""source_cell"": ""E129"", ""source_field"": ""successors_raw"", ""stored_expression"": ""112"", ""interpreted_token"": ""112"", ""original_dependency_type"": ""FS"", ""dependency_type"": ""FS""}]"
P18:EXAMPLE,31,P18:WBS:82.04,P18:WBS:79.04,Fabris Road,Fabris Road,DEP:7aea00454a9ca3dda5949064,FS,0.0,none,source_reciprocal,worksheet_row_minus_one,not_sampled,"[{""evidence_id"": ""P18:D97:1"", ""source_file"": ""Primary Dataset/P039 - P18 Rural Road Repairs.xlsx"", ""source_sheet"": ""Program Links"", ""source_cell"": ""D97"", ""source_field"": ""predecessors_raw"", ""stored_expression"": ""112"", ""interpreted_token"": ""112"", ""original_dependency_type"": ""FS"", ""dependency_type"": ""FS""}, {""evidence_id"": ""P18:E113:1"", ""source_file"": ""Primary Dataset/P039 - P18 Rural Road Repairs.xlsx"", ""source_sheet"": ""Program Links"", ""source_cell"": ""E113"", ""source_field"": ""successors_raw"", ""stored_expression"": ""96"", ""interpreted_token"": ""96"", ""original_dependency_type"": ""FS"", ""dependency_type"": ""FS""}]"
P18:EXAMPLE,32,P18:WBS:79.04,P18:WBS:19,Fabris Road,Harvey Road,DEP:474c9161a20c44bdef6f0bda,FS,0.0,none,source_reciprocal,worksheet_row_minus_one,not_sampled,"[{""evidence_id"": ""P18:D20:1"", ""source_file"": ""Primary Dataset/P039 - P18 Rural Road Repairs.xlsx"", ""source_sheet"": ""Program Links"", ""source_cell"": ""D20"", ""source_field"": ""predecessors_raw"", ""stored_expression"": ""96"", ""interpreted_token"": ""96"", ""original_dependency_type"": ""FS"", ""dependency_type"": ""FS""}, {""evidence_id"": ""P18:E97:2"", ""source_file"": ""Primary Dataset/P039 - P18 Rural Road Repairs.xlsx"", ""source_sheet"": ""Program Links"", ""source_cell"": ""E97"", ""source_field"": ""successors_raw"", ""stored_expression"": ""149,19"", ""interpreted_token"": ""19"", ""original_dependency_type"": ""FS"", ""dependency_type"": ""FS""}]"
P18:EXAMPLE,33,P18:WBS:19,P18:WBS:39,Harvey Road,Harvey Road,DEP:bd254dcc4780626a5a806b79,FS,0.0,none,source_reciprocal,worksheet_row_minus_one,not_sampled,"[{""evidence_id"": ""P18:D40:1"", ""source_file"": ""Primary Dataset/P039 - P18 Rural Road Repairs.xlsx"", ""source_sheet"": ""Program Links"", ""source_cell"": ""D40"", ""source_field"": ""predecessors_raw"", ""stored_expression"": ""19"", ""interpreted_token"": ""19"", ""original_dependency_type"": ""FS"", ""dependency_type"": ""FS""}, {""evidence_id"": ""P18:E20:1"", ""source_file"": ""Primary Dataset/P039 - P18 Rural Road Repairs.xlsx"", ""source_sheet"": ""Program Links"", ""source_cell"": ""E20"", ""source_field"": ""successors_raw"", ""stored_expression"": ""39"", ""interpreted_token"": ""39"", ""original_dependency_type"": ""FS"", ""dependency_type"": ""FS""}]"
P18:EXAMPLE,34,P18:WBS:39,P18:WBS:57.05,Harvey Road,Harvey Road,DEP:255cf944197c7ada27977953,FS,0.0,none,source_reciprocal,worksheet_row_minus_one,not_sampled,"[{""evidence_id"": ""P18:D63:1"", ""source_file"": ""Primary Dataset/P039 - P18 Rural Road Repairs.xlsx"", ""source_sheet"": ""Program Links"", ""source_cell"": ""D63"", ""source_field"": ""predecessors_raw"", ""stored_expression"": ""39"", ""interpreted_token"": ""39"", ""original_dependency_type"": ""FS"", ""dependency_type"": ""FS""}, {""evidence_id"": ""P18:E40:1"", ""source_file"": ""Primary Dataset/P039 - P18 Rural Road Repairs.xlsx"", ""source_sheet"": ""Program Links"", ""source_cell"": ""E40"", ""source_field"": ""successors_raw"", ""stored_expression"": ""62"", ""interpreted_token"": ""62"", ""original_dependency_type"": ""FS"", ""dependency_type"": ""FS""}]"
P18:EXAMPLE,35,P18:WBS:57.05,P18:WBS:85.05,Harvey Road,Harvey Road,DEP:ef0780e40860e43052db279c,FS,0.0,none,source_reciprocal,worksheet_row_minus_one,not_sampled,"[{""evidence_id"": ""P18:D130:1"", ""source_file"": ""Primary Dataset/P039 - P18 Rural Road Repairs.xlsx"", ""source_sheet"": ""Program Links"", ""source_cell"": ""D130"", ""source_field"": ""predecessors_raw"", ""stored_expression"": ""62"", ""interpreted_token"": ""62"", ""original_dependency_type"": ""FS"", ""dependency_type"": ""FS""}, {""evidence_id"": ""P18:E63:1"", ""source_file"": ""Primary Dataset/P039 - P18 Rural Road Repairs.xlsx"", ""source_sheet"": ""Program Links"", ""source_cell"": ""E63"", ""source_field"": ""successors_raw"", ""stored_expression"": ""129"", ""interpreted_token"": ""129"", ""original_dependency_type"": ""FS"", ""dependency_type"": ""FS""}]"
P18:EXAMPLE,36,P18:WBS:85.05,P18:WBS:82.05,Harvey Road,Harvey Road,DEP:844bafb8ae62486f45ef90a8,FS,0.0,none,source_reciprocal,worksheet_row_minus_one,not_sampled,"[{""evidence_id"": ""P18:D114:1"", ""source_file"": ""Primary Dataset/P039 - P18 Rural Road Repairs.xlsx"", ""source_sheet"": ""Program Links"", ""source_cell"": ""D114"", ""source_field"": ""predecessors_raw"", ""stored_expression"": ""129"", ""interpreted_token"": ""129"", ""original_dependency_type"": ""FS"", ""dependency_type"": ""FS""}, {""evidence_id"": ""P18:E130:1"", ""source_file"": ""Primary Dataset/P039 - P18 Rural Road Repairs.xlsx"", ""source_sheet"": ""Program Links"", ""source_cell"": ""E130"", ""source_field"": ""successors_raw"", ""stored_expression"": ""113"", ""interpreted_token"": ""113"", ""original_dependency_type"": ""FS"", ""dependency_type"": ""FS""}]"
P18:EXAMPLE,37,P18:WBS:82.05,P18:WBS:79.05,Harvey Road,Harvey Road,DEP:6e1be38b4881ce6d16cd460e,FS,0.0,none,source_reciprocal,worksheet_row_minus_one,not_sampled,"[{""evidence_id"": ""P18:D98:1"", ""source_file"": ""Primary Dataset/P039 - P18 Rural Road Repairs.xlsx"", ""source_sheet"": ""Program Links"", ""source_cell"": ""D98"", ""source_field"": ""predecessors_raw"", ""stored_expression"": ""113"", ""interpreted_token"": ""113"", ""original_dependency_type"": ""FS"", ""dependency_type"": ""FS""}, {""evidence_id"": ""P18:E114:1"", ""source_file"": ""Primary Dataset/P039 - P18 Rural Road Repairs.xlsx"", ""source_sheet"": ""Program Links"", ""source_cell"": ""E114"", ""source_field"": ""successors_raw"", ""stored_expression"": ""97"", ""interpreted_token"": ""97"", ""original_dependency_type"": ""FS"", ""dependency_type"": ""FS""}]"
P18:EXAMPLE,38,P18:WBS:79.05,P18:WBS:20,Harvey Road,Heards Road,DEP:4515167b74d0a1c2a2535574,FS,0.0,none,source_reciprocal,worksheet_row_minus_one,not_sampled,"[{""evidence_id"": ""P18:D21:1"", ""source_file"": ""Primary Dataset/P039 - P18 Rural Road Repairs.xlsx"", ""source_sheet"": ""Program Links"", ""source_cell"": ""D21"", ""source_field"": ""predecessors_raw"", ""stored_expression"": ""97"", ""interpreted_token"": ""97"", ""original_dependency_type"": ""FS"", ""dependency_type"": ""FS""}, {""evidence_id"": ""P18:E98:2"", ""source_file"": ""Primary Dataset/P039 - P18 Rural Road Repairs.xlsx"", ""source_sheet"": ""Program Links"", ""source_cell"": ""E98"", ""source_field"": ""successors_raw"", ""stored_expression"": ""150,20"", ""interpreted_token"": ""20"", ""original_dependency_type"": ""FS"", ""dependency_type"": ""FS""}]"
P18:EXAMPLE,39,P18:WBS:20,P18:WBS:40,Heards Road,Heards Road,DEP:556f77f3eda98d2a4b94eb03,FS,0.0,none,source_reciprocal,worksheet_row_minus_one,not_sampled,"[{""evidence_id"": ""P18:D41:1"", ""source_file"": ""Primary Dataset/P039 - P18 Rural Road Repairs.xlsx"", ""source_sheet"": ""Program Links"", ""source_cell"": ""D41"", ""source_field"": ""predecessors_raw"", ""stored_expression"": ""20"", ""interpreted_token"": ""20"", ""original_dependency_type"": ""FS"", ""dependency_type"": ""FS""}, {""evidence_id"": ""P18:E21:1"", ""source_file"": ""Primary Dataset/P039 - P18 Rural Road Repairs.xlsx"", ""source_sheet"": ""Program Links"", ""source_cell"": ""E21"", ""source_field"": ""successors_raw"", ""stored_expression"": ""40"", ""interpreted_token"": ""40"", ""original_dependency_type"": ""FS"", ""dependency_type"": ""FS""}]"
P18:EXAMPLE,40,P18:WBS:40,P18:WBS:57.06,Heards Road,Heards Road,DEP:988b081471d84289b2aff0e2,FS,0.0,none,source_reciprocal,worksheet_row_minus_one,not_sampled,"[{""evidence_id"": ""P18:D64:1"", ""source_file"": ""Primary Dataset/P039 - P18 Rural Road Repairs.xlsx"", ""source_sheet"": ""Program Links"", ""source_cell"": ""D64"", ""source_field"": ""predecessors_raw"", ""stored_expression"": ""40"", ""interpreted_token"": ""40"", ""original_dependency_type"": ""FS"", ""dependency_type"": ""FS""}, {""evidence_id"": ""P18:E41:1"", ""source_file"": ""Primary Dataset/P039 - P18 Rural Road Repairs.xlsx"", ""source_sheet"": ""Program Links"", ""source_cell"": ""E41"", ""source_field"": ""successors_raw"", ""stored_expression"": ""63"", ""interpreted_token"": ""63"", ""original_dependency_type"": ""FS"", ""dependency_type"": ""FS""}]"
P18:EXAMPLE,41,P18:WBS:57.06,P18:WBS:85.06,Heards Road,Heards Road,DEP:aa8f15d38149c685c5f9cbf1,FS,0.0,none,source_reciprocal,worksheet_row_minus_one,not_sampled,"[{""evidence_id"": ""P18:D131:1"", ""source_file"": ""Primary Dataset/P039 - P18 Rural Road Repairs.xlsx"", ""source_sheet"": ""Program Links"", ""source_cell"": ""D131"", ""source_field"": ""predecessors_raw"", ""stored_expression"": ""63"", ""interpreted_token"": ""63"", ""original_dependency_type"": ""FS"", ""dependency_type"": ""FS""}, {""evidence_id"": ""P18:E64:1"", ""source_file"": ""Primary Dataset/P039 - P18 Rural Road Repairs.xlsx"", ""source_sheet"": ""Program Links"", ""source_cell"": ""E64"", ""source_field"": ""successors_raw"", ""stored_expression"": ""130"", ""interpreted_token"": ""130"", ""original_dependency_type"": ""FS"", ""dependency_type"": ""FS""}]"
P18:EXAMPLE,42,P18:WBS:85.06,P18:WBS:82.06,Heards Road,Heards Road,DEP:0082311682175ee6b31628ca,FS,0.0,none,source_reciprocal,worksheet_row_minus_one,not_sampled,"[{""evidence_id"": ""P18:D115:1"", ""source_file"": ""Primary Dataset/P039 - P18 Rural Road Repairs.xlsx"", ""source_sheet"": ""Program Links"", ""source_cell"": ""D115"", ""source_field"": ""predecessors_raw"", ""stored_expression"": ""130"", ""interpreted_token"": ""130"", ""original_dependency_type"": ""FS"", ""dependency_type"": ""FS""}, {""evidence_id"": ""P18:E131:1"", ""source_file"": ""Primary Dataset/P039 - P18 Rural Road Repairs.xlsx"", ""source_sheet"": ""Program Links"", ""source_cell"": ""E131"", ""source_field"": ""successors_raw"", ""stored_expression"": ""114"", ""interpreted_token"": ""114"", ""original_dependency_type"": ""FS"", ""dependency_type"": ""FS""}]"
P18:EXAMPLE,43,P18:WBS:82.06,P18:WBS:79.06,Heards Road,Heards Road,DEP:956880fc7d919273835ceb2f,FS,0.0,none,source_reciprocal,worksheet_row_minus_one,not_sampled,"[{""evidence_id"": ""P18:D99:1"", ""source_file"": ""Primary Dataset/P039 - P18 Rural Road Repairs.xlsx"", ""source_sheet"": ""Program Links"", ""source_cell"": ""D99"", ""source_field"": ""predecessors_raw"", ""stored_expression"": ""114"", ""interpreted_token"": ""114"", ""original_dependency_type"": ""FS"", ""dependency_type"": ""FS""}, {""evidence_id"": ""P18:E115:1"", ""source_file"": ""Primary Dataset/P039 - P18 Rural Road Repairs.xlsx"", ""source_sheet"": ""Program Links"", ""source_cell"": ""E115"", ""source_field"": ""successors_raw"", ""stored_expression"": ""98"", ""interpreted_token"": ""98"", ""original_dependency_type"": ""FS"", ""dependency_type"": ""FS""}]"
P18:EXAMPLE,44,P18:WBS:79.06,P18:WBS:25,Heards Road,Taraken Road,DEP:f1f9c0e1dcfd9b0c395d5f72,FS,0.0,none,source_reciprocal,worksheet_row_minus_one,not_sampled,"[{""evidence_id"": ""P18:D26:1"", ""source_file"": ""Primary Dataset/P039 - P18 Rural Road Repairs.xlsx"", ""source_sheet"": ""Program Links"", ""source_cell"": ""D26"", ""source_field"": ""predecessors_raw"", ""stored_expression"": ""98"", ""interpreted_token"": ""98"", ""original_dependency_type"": ""FS"", ""dependency_type"": ""FS""}, {""evidence_id"": ""P18:E99:2"", ""source_file"": ""Primary Dataset/P039 - P18 Rural Road Repairs.xlsx"", ""source_sheet"": ""Program Links"", ""source_cell"": ""E99"", ""source_field"": ""successors_raw"", ""stored_expression"": ""151,25"", ""interpreted_token"": ""25"", ""original_dependency_type"": ""FS"", ""dependency_type"": ""FS""}]"
P18:EXAMPLE,45,P18:WBS:25,P18:WBS:45,Taraken Road,Taraken Road,DEP:48f17c43ed2745c2910720eb,FS,0.0,none,source_reciprocal,worksheet_row_minus_one,not_sampled,"[{""evidence_id"": ""P18:D46:1"", ""source_file"": ""Primary Dataset/P039 - P18 Rural Road Repairs.xlsx"", ""source_sheet"": ""Program Links"", ""source_cell"": ""D46"", ""source_field"": ""predecessors_raw"", ""stored_expression"": ""25"", ""interpreted_token"": ""25"", ""original_dependency_type"": ""FS"", ""dependency_type"": ""FS""}, {""evidence_id"": ""P18:E26:1"", ""source_file"": ""Primary Dataset/P039 - P18 Rural Road Repairs.xlsx"", ""source_sheet"": ""Program Links"", ""source_cell"": ""E26"", ""source_field"": ""successors_raw"", ""stored_expression"": ""45"", ""interpreted_token"": ""45"", ""original_dependency_type"": ""FS"", ""dependency_type"": ""FS""}]"
P18:EXAMPLE,46,P18:WBS:45,P18:WBS:57.11,Taraken Road,Taraken Road,DEP:3c8d36ef746b8e658335f35f,FS,0.0,none,source_reciprocal,worksheet_row_minus_one,not_sampled,"[{""evidence_id"": ""P18:D69:1"", ""source_file"": ""Primary Dataset/P039 - P18 Rural Road Repairs.xlsx"", ""source_sheet"": ""Program Links"", ""source_cell"": ""D69"", ""source_field"": ""predecessors_raw"", ""stored_expression"": ""45"", ""interpreted_token"": ""45"", ""original_dependency_type"": ""FS"", ""dependency_type"": ""FS""}, {""evidence_id"": ""P18:E46:1"", ""source_file"": ""Primary Dataset/P039 - P18 Rural Road Repairs.xlsx"", ""source_sheet"": ""Program Links"", ""source_cell"": ""E46"", ""source_field"": ""successors_raw"", ""stored_expression"": ""68"", ""interpreted_token"": ""68"", ""original_dependency_type"": ""FS"", ""dependency_type"": ""FS""}]"
P18:EXAMPLE,47,P18:WBS:57.11,P18:WBS:85.11,Taraken Road,Taraken Road,DEP:f52d2e9a35b0b09dcda6c706,FS,0.0,none,source_reciprocal,worksheet_row_minus_one,not_sampled,"[{""evidence_id"": ""P18:D136:1"", ""source_file"": ""Primary Dataset/P039 - P18 Rural Road Repairs.xlsx"", ""source_sheet"": ""Program Links"", ""source_cell"": ""D136"", ""source_field"": ""predecessors_raw"", ""stored_expression"": ""68"", ""interpreted_token"": ""68"", ""original_dependency_type"": ""FS"", ""dependency_type"": ""FS""}, {""evidence_id"": ""P18:E69:1"", ""source_file"": ""Primary Dataset/P039 - P18 Rural Road Repairs.xlsx"", ""source_sheet"": ""Program Links"", ""source_cell"": ""E69"", ""source_field"": ""successors_raw"", ""stored_expression"": ""135"", ""interpreted_token"": ""135"", ""original_dependency_type"": ""FS"", ""dependency_type"": ""FS""}]"
P18:EXAMPLE,48,P18:WBS:85.11,P18:WBS:82.11,Taraken Road,Taraken Road,DEP:3bc7b37dec1c16f381890e42,FS,0.0,none,source_reciprocal,worksheet_row_minus_one,not_sampled,"[{""evidence_id"": ""P18:D120:1"", ""source_file"": ""Primary Dataset/P039 - P18 Rural Road Repairs.xlsx"", ""source_sheet"": ""Program Links"", ""source_cell"": ""D120"", ""source_field"": ""predecessors_raw"", ""stored_expression"": ""135"", ""interpreted_token"": ""135"", ""original_dependency_type"": ""FS"", ""dependency_type"": ""FS""}, {""evidence_id"": ""P18:E136:1"", ""source_file"": ""Primary Dataset/P039 - P18 Rural Road Repairs.xlsx"", ""source_sheet"": ""Program Links"", ""source_cell"": ""E136"", ""source_field"": ""successors_raw"", ""stored_expression"": ""119"", ""interpreted_token"": ""119"", ""original_dependency_type"": ""FS"", ""dependency_type"": ""FS""}]"
P18:EXAMPLE,49,P18:WBS:82.11,P18:WBS:79.11,Taraken Road,Taraken Road,DEP:9b83f40d4f7d764272ba672d,FS,0.0,none,source_reciprocal,worksheet_row_minus_one,not_sampled,"[{""evidence_id"": ""P18:D104:1"", ""source_file"": ""Primary Dataset/P039 - P18 Rural Road Repairs.xlsx"", ""source_sheet"": ""Program Links"", ""source_cell"": ""D104"", ""source_field"": ""predecessors_raw"", ""stored_expression"": ""119"", ""interpreted_token"": ""119"", ""original_dependency_type"": ""FS"", ""dependency_type"": ""FS""}, {""evidence_id"": ""P18:E120:1"", ""source_file"": ""Primary Dataset/P039 - P18 Rural Road Repairs.xlsx"", ""source_sheet"": ""Program Links"", ""source_cell"": ""E120"", ""source_field"": ""successors_raw"", ""stored_expression"": ""103"", ""interpreted_token"": ""103"", ""original_dependency_type"": ""FS"", ""dependency_type"": ""FS""}]"
P18:EXAMPLE,50,P18:WBS:79.11,P18:WBS:93.11,Taraken Road,Taraken Road,DEP:f422dd5fb1993a94bcb3f36f,FS,0.0,none,source_reciprocal,worksheet_row_minus_one,not_sampled,"[{""evidence_id"": ""P18:D157:1"", ""source_file"": ""Primary Dataset/P039 - P18 Rural Road Repairs.xlsx"", ""source_sheet"": ""Program Links"", ""source_cell"": ""D157"", ""source_field"": ""predecessors_raw"", ""stored_expression"": ""103"", ""interpreted_token"": ""103"", ""original_dependency_type"": ""FS"", ""dependency_type"": ""FS""}, {""evidence_id"": ""P18:E104:1"", ""source_file"": ""Primary Dataset/P039 - P18 Rural Road Repairs.xlsx"", ""source_sheet"": ""Program Links"", ""source_cell"": ""E104"", ""source_field"": ""successors_raw"", ""stored_expression"": ""156,24"", ""interpreted_token"": ""156"", ""original_dependency_type"": ""FS"", ""dependency_type"": ""FS""}]"
P18:EXAMPLE,51,P18:WBS:93.11,P18:WBS:94.11,Taraken Road,Taraken Road,DEP:4f16ed854b8816544e37e599,FS,0.0,none,source_reciprocal,worksheet_row_minus_one,not_sampled,"[{""evidence_id"": ""P18:D171:1"", ""source_file"": ""Primary Dataset/P039 - P18 Rural Road Repairs.xlsx"", ""source_sheet"": ""Program Links"", ""source_cell"": ""D171"", ""source_field"": ""predecessors_raw"", ""stored_expression"": ""156"", ""interpreted_token"": ""156"", ""original_dependency_type"": ""FS"", ""dependency_type"": ""FS""}, {""evidence_id"": ""P18:E157:1"", ""source_file"": ""Primary Dataset/P039 - P18 Rural Road Repairs.xlsx"", ""source_sheet"": ""Program Links"", ""source_cell"": ""E157"", ""source_field"": ""successors_raw"", ""stored_expression"": ""170184"", ""interpreted_token"": ""170"", ""original_dependency_type"": ""FS"", ""dependency_type"": ""FS""}]"
P18:EXAMPLE,52,P18:WBS:94.11,P18:WBS:96.11,Taraken Road,Taraken Road,DEP:4259a95f6377c31f1f1fd1f5,FS,0.0,none,source_reciprocal,worksheet_row_minus_one,not_sampled,"[{""evidence_id"": ""P18:D199:1"", ""source_file"": ""Primary Dataset/P039 - P18 Rural Road Repairs.xlsx"", ""source_sheet"": ""Program Links"", ""source_cell"": ""D199"", ""source_field"": ""predecessors_raw"", ""stored_expression"": ""170"", ""interpreted_token"": ""170"", ""original_dependency_type"": ""FS"", ""dependency_type"": ""FS""}, {""evidence_id"": ""P18:E171:1"", ""source_file"": ""Primary Dataset/P039 - P18 Rural Road Repairs.xlsx"", ""source_sheet"": ""Program Links"", ""source_cell"": ""E171"", ""source_field"": ""successors_raw"", ""stored_expression"": ""198205"", ""interpreted_token"": ""198"", ""original_dependency_type"": ""FS"", ""dependency_type"": ""FS""}]"
